book_id,title,author,language,source_url,clean_path,quality_status,reject_reason
27,Far from the Madding Crowd,"Hardy, Thomas, 1840-1928",en,https://www.gutenberg.org/cache/epub/27/pg27.txt,/home/husam/Desktop/YTU-YL/veri sıkıştırma/data-comp-project/data/processed/books/27.txt,accepted,
38,"The Jargon File, Version 2.9.10, 01 Jul 1992","Raymond, Eric S., 1957- [Editor]; Steele, Guy L., 1954- [Editor]",en,https://www.gutenberg.org/cache/epub/38/pg38.txt,/home/husam/Desktop/YTU-YL/veri sıkıştırma/data-comp-project/data/processed/books/38.txt,accepted,
115,United States Census Figures Back to 1630,United States. Bureau of the Census,en,https://www.gutenberg.org/cache/epub/115/pg115.txt,/home/husam/Desktop/YTU-YL/veri sıkıştırma/data-comp-project/data/processed/books/115.txt,accepted,
149,The Lost Continent,"Burroughs, Edgar Rice, 1875-1950",en,https://www.gutenberg.org/cache/epub/149/pg149.txt,/home/husam/Desktop/YTU-YL/veri sıkıştırma/data-comp-project/data/processed/books/149.txt,accepted,
245,Life on the Mississippi,"Twain, Mark, 1835-1910",en,https://www.gutenberg.org/cache/epub/245/pg245.txt,/home/husam/Desktop/YTU-YL/veri sıkıştırma/data-comp-project/data/processed/books/245.txt,accepted,
266,"Confessio Amantis; Or, Tales of the Seven Deadly Sins","Gower, John, 1325?-1408; Macaulay, G. C. (George Campbell), 1852-1915 [Editor]",en,https://www.gutenberg.org/cache/epub/266/pg266.txt,/home/husam/Desktop/YTU-YL/veri sıkıştırma/data-comp-project/data/processed/books/266.txt,accepted,
398,The First Book of Adam and Eve,"Platt, Rutherford Hayes, 1894-1975",en,https://www.gutenberg.org/cache/epub/398/pg398.txt,/home/husam/Desktop/YTU-YL/veri sıkıştırma/data-comp-project/data/processed/books/398.txt,accepted,
422,The Romany Rye,"Borrow, George, 1803-1881",en,https://www.gutenberg.org/cache/epub/422/pg422.txt,/home/husam/Desktop/YTU-YL/veri sıkıştırma/data-comp-project/data/processed/books/422.txt,accepted,
461,The Quest of the Golden Girl: A Romance,"Le Gallienne, Richard, 1866-1947",en,https://www.gutenberg.org/cache/epub/461/pg461.txt,/home/husam/Desktop/YTU-YL/veri sıkıştırma/data-comp-project/data/processed/books/461.txt,accepted,
507,Adam Bede,"Eliot, George, 1819-1880",en,https://www.gutenberg.org/cache/epub/507/pg507.txt,/home/husam/Desktop/YTU-YL/veri sıkıştırma/data-comp-project/data/processed/books/507.txt,accepted,
548,"Project Trinity, 1945-1946","Maag, Carl R.; Rohrer, Steve",en,https://www.gutenberg.org/cache/epub/548/pg548.txt,/home/husam/Desktop/YTU-YL/veri sıkıştırma/data-comp-project/data/processed/books/548.txt,accepted,
654,Grace Abounding to the Chief of Sinners,"Bunyan, John, 1628-1688; Copping, Harold, 1863-1932 [Illustrator]",en,https://www.gutenberg.org/cache/epub/654/pg654.txt,/home/husam/Desktop/YTU-YL/veri sıkıştırma/data-comp-project/data/processed/books/654.txt,accepted,
677,"The Heroes; Or, Greek Fairy Tales for My Children","Kingsley, Charles, 1819-1875",en,https://www.gutenberg.org/cache/epub/677/pg677.txt,/home/husam/Desktop/YTU-YL/veri sıkıştırma/data-comp-project/data/processed/books/677.txt,accepted,
806,Philoktetes,"Sophocles, 496? BCE-407 BCE; McNamee, Gregory, 1957- [Translator]",en,https://www.gutenberg.org/cache/epub/806/pg806.txt,/home/husam/Desktop/YTU-YL/veri sıkıştırma/data-comp-project/data/processed/books/806.txt,accepted,
1033,Rose o' the River,"Wiggin, Kate Douglas Smith, 1856-1923",en,https://www.gutenberg.org/cache/epub/1033/pg1033.txt,/home/husam/Desktop/YTU-YL/veri sıkıştırma/data-comp-project/data/processed/books/1033.txt,accepted,
1341,The Altruist in Politics,"Cardozo, Benjamin N. (Benjamin Nathan), 1870-1938",en,https://www.gutenberg.org/cache/epub/1341/pg1341.txt,/home/husam/Desktop/YTU-YL/veri sıkıştırma/data-comp-project/data/processed/books/1341.txt,accepted,
1347,A New Philosophy,"Le Roy, Edouard, 1870-1954; Benson, Vincent [Translator]",en,https://www.gutenberg.org/cache/epub/1347/pg1347.txt,/home/husam/Desktop/YTU-YL/veri sıkıştırma/data-comp-project/data/processed/books/1347.txt,accepted,
1351,The Chignecto Isthmus and Its First Settlers,"Trueman, Howard, 1837-1908",en,https://www.gutenberg.org/cache/epub/1351/pg1351.txt,/home/husam/Desktop/YTU-YL/veri sıkıştırma/data-comp-project/data/processed/books/1351.txt,accepted,
1406,The Perils of Certain English Prisoners,"Dickens, Charles, 1812-1870",en,https://www.gutenberg.org/cache/epub/1406/pg1406.txt,/home/husam/Desktop/YTU-YL/veri sıkıştırma/data-comp-project/data/processed/books/1406.txt,accepted,
1449,The Valley of the Moon,"London, Jack, 1876-1916",en,https://www.gutenberg.org/cache/epub/1449/pg1449.txt,/home/husam/Desktop/YTU-YL/veri sıkıştırma/data-comp-project/data/processed/books/1449.txt,accepted,
1622,The Law and the Lady,"Collins, Wilkie, 1824-1889",en,https://www.gutenberg.org/cache/epub/1622/pg1622.txt,/home/husam/Desktop/YTU-YL/veri sıkıştırma/data-comp-project/data/processed/books/1622.txt,accepted,
1673,Lesser Hippias,"Plato, 428? BCE-348? BCE [Dubious author]; Jowett, Benjamin, 1817-1893 [Translator]",en,https://www.gutenberg.org/cache/epub/1673/pg1673.txt,/home/husam/Desktop/YTU-YL/veri sıkıştırma/data-comp-project/data/processed/books/1673.txt,accepted,
1698,The Survivors of the Chancellor,"Verne, Jules, 1828-1905",en,https://www.gutenberg.org/cache/epub/1698/pg1698.txt,/home/husam/Desktop/YTU-YL/veri sıkıştırma/data-comp-project/data/processed/books/1698.txt,accepted,
1713,"Lincoln; An Account of his Personal Life, Especially of its Springs of Action as Revealed and Deepened by the Ordeal of War","Stephenson, Nathaniel W. (Nathaniel Wright), 1867-1935",en,https://www.gutenberg.org/cache/epub/1713/pg1713.txt,/home/husam/Desktop/YTU-YL/veri sıkıştırma/data-comp-project/data/processed/books/1713.txt,accepted,
1816,Tattine,"Ogden, Ruth, 1853-1927",en,https://www.gutenberg.org/cache/epub/1816/pg1816.txt,/home/husam/Desktop/YTU-YL/veri sıkıştırma/data-comp-project/data/processed/books/1816.txt,accepted,
1844,The Scholemaster,"Ascham, Roger, 1515-1568",en,https://www.gutenberg.org/cache/epub/1844/pg1844.txt,/home/husam/Desktop/YTU-YL/veri sıkıştırma/data-comp-project/data/processed/books/1844.txt,accepted,
1853,The ninth vibration and other stories,"Beck, L. Adams (Lily Adams), 1862-1931",en,https://www.gutenberg.org/cache/epub/1853/pg1853.txt,/home/husam/Desktop/YTU-YL/veri sıkıştırma/data-comp-project/data/processed/books/1853.txt,accepted,
1885,Bunyan Characters (1st Series),"Whyte, Alexander, 1836-1921",en,https://www.gutenberg.org/cache/epub/1885/pg1885.txt,/home/husam/Desktop/YTU-YL/veri sıkıştırma/data-comp-project/data/processed/books/1885.txt,accepted,
1985,Men's Wives,"Thackeray, William Makepeace, 1811-1863",en,https://www.gutenberg.org/cache/epub/1985/pg1985.txt,/home/husam/Desktop/YTU-YL/veri sıkıştırma/data-comp-project/data/processed/books/1985.txt,accepted,
2037,Novel Notes,"Jerome, Jerome K. (Jerome Klapka), 1859-1927",en,https://www.gutenberg.org/cache/epub/2037/pg2037.txt,/home/husam/Desktop/YTU-YL/veri sıkıştırma/data-comp-project/data/processed/books/2037.txt,accepted,
2122,History of Friedrich II of Prussia — Appendix,"Carlyle, Thomas, 1795-1881",en,https://www.gutenberg.org/cache/epub/2122/pg2122.txt,/home/husam/Desktop/YTU-YL/veri sıkıştırma/data-comp-project/data/processed/books/2122.txt,accepted,
2150,The Works of Edgar Allan Poe — Volume 4,"Poe, Edgar Allan, 1809-1849",en,https://www.gutenberg.org/cache/epub/2150/pg2150.txt,/home/husam/Desktop/YTU-YL/veri sıkıştırma/data-comp-project/data/processed/books/2150.txt,accepted,
2175,You Never Can Tell,"Shaw, Bernard, 1856-1950",en,https://www.gutenberg.org/cache/epub/2175/pg2175.txt,/home/husam/Desktop/YTU-YL/veri sıkıştırma/data-comp-project/data/processed/books/2175.txt,accepted,
2225,"""Captains Courageous"": A Story of the Grand Banks","Kipling, Rudyard, 1865-1936; Taber, I. W. (Isaac Walton), 1857-1933 [Illustrator]",en,https://www.gutenberg.org/cache/epub/2225/pg2225.txt,/home/husam/Desktop/YTU-YL/veri sıkıştırma/data-comp-project/data/processed/books/2225.txt,accepted,
2516,Redgauntlet: A Tale of the Eighteenth Century,"Scott, Walter, 1771-1832",en,https://www.gutenberg.org/cache/epub/2516/pg2516.txt,/home/husam/Desktop/YTU-YL/veri sıkıştırma/data-comp-project/data/processed/books/2516.txt,accepted,
2668,"The Life and Adventures of Baron Trenck, Volume 1","Trenck, Friedrich, Freiherr von der, 1726-1794; Morley, Henry, 1822-1894 [Editor]; Holcroft, Thomas, 1745-1809 [Translator]",en,https://www.gutenberg.org/cache/epub/2668/pg2668.txt,/home/husam/Desktop/YTU-YL/veri sıkıştırma/data-comp-project/data/processed/books/2668.txt,accepted,
2699,"Pages from an Old Volume of Life; A Collection of Essays, 1857-1881","Holmes, Oliver Wendell, 1809-1894",en,https://www.gutenberg.org/cache/epub/2699/pg2699.txt,/home/husam/Desktop/YTU-YL/veri sıkıştırma/data-comp-project/data/processed/books/2699.txt,accepted,
2768,The Paris Sketch Book of Mr. M. A. Titmarsh,"Thackeray, William Makepeace, 1811-1863",en,https://www.gutenberg.org/cache/epub/2768/pg2768.txt,/home/husam/Desktop/YTU-YL/veri sıkıştırma/data-comp-project/data/processed/books/2768.txt,accepted,
2778,Jewel: A Chapter in Her Life,"Burnham, Clara Louise, 1854-1927",en,https://www.gutenberg.org/cache/epub/2778/pg2778.txt,/home/husam/Desktop/YTU-YL/veri sıkıştırma/data-comp-project/data/processed/books/2778.txt,accepted,
2804,"Rose in Bloom A Sequel to ""Eight Cousins""","Alcott, Louisa May, 1832-1888",en,https://www.gutenberg.org/cache/epub/2804/pg2804.txt,/home/husam/Desktop/YTU-YL/veri sıkıştırma/data-comp-project/data/processed/books/2804.txt,accepted,
2918,The First and the Last: A Drama in Three Scenes,"Galsworthy, John, 1867-1933",en,https://www.gutenberg.org/cache/epub/2918/pg2918.txt,/home/husam/Desktop/YTU-YL/veri sıkıştırma/data-comp-project/data/processed/books/2918.txt,accepted,
3030,The tavern knight,"Sabatini, Rafael, 1875-1950",en,https://www.gutenberg.org/cache/epub/3030/pg3030.txt,/home/husam/Desktop/YTU-YL/veri sıkıştırma/data-comp-project/data/processed/books/3030.txt,accepted,
3078,Original Short Stories — Volume 02,"Maupassant, Guy de, 1850-1893; Henderson, A. E. [Translator]; McMaster, Albert Cohn [Translator]; Quesada, Louise Charlotte Garstin, 1864?- [Translator]",en,https://www.gutenberg.org/cache/epub/3078/pg3078.txt,/home/husam/Desktop/YTU-YL/veri sıkıştırma/data-comp-project/data/processed/books/3078.txt,accepted,
3097,The Wanderer's Necklace,"Haggard, H. Rider (Henry Rider), 1856-1925",en,https://www.gutenberg.org/cache/epub/3097/pg3097.txt,/home/husam/Desktop/YTU-YL/veri sıkıştırma/data-comp-project/data/processed/books/3097.txt,accepted,
3193,Mark Twain's Letters — Volume 1 (1853-1866),"Twain, Mark, 1835-1910; Paine, Albert Bigelow, 1861-1937 [Compiler]",en,https://www.gutenberg.org/cache/epub/3193/pg3193.txt,/home/husam/Desktop/YTU-YL/veri sıkıştırma/data-comp-project/data/processed/books/3193.txt,accepted,
3237,The Garotters,"Howells, William Dean, 1837-1920",en,https://www.gutenberg.org/cache/epub/3237/pg3237.txt,/home/husam/Desktop/YTU-YL/veri sıkıştırma/data-comp-project/data/processed/books/3237.txt,accepted,
3296,The Confessions of St. Augustine,"Augustine, of Hippo, Saint, 354-430; Pusey, E. B. (Edward Bouverie), 1800-1882 [Translator]",en,https://www.gutenberg.org/cache/epub/3296/pg3296.txt,/home/husam/Desktop/YTU-YL/veri sıkıştırma/data-comp-project/data/processed/books/3296.txt,accepted,
3528,"Beethoven, the Man and the Artist, as Revealed in His Own Words","Beethoven, Ludwig van, 1770-1827; Kerst, Friedrich, 1870-1961 [Editor]; Krehbiel, Henry Edward, 1854-1923 [Editor]",en,https://www.gutenberg.org/cache/epub/3528/pg3528.txt,/home/husam/Desktop/YTU-YL/veri sıkıştırma/data-comp-project/data/processed/books/3528.txt,accepted,
3533,Sunshine Sketches of a Little Town,"Leacock, Stephen, 1869-1944",en,https://www.gutenberg.org/cache/epub/3533/pg3533.txt,/home/husam/Desktop/YTU-YL/veri sıkıştırma/data-comp-project/data/processed/books/3533.txt,accepted,
3537,Frederick the Great and His Family: A Historical Novel,"Mühlbach, L. (Luise), 1814-1873; Coleman, Chapman, Mrs., 1813-1891 [Translator]",en,https://www.gutenberg.org/cache/epub/3537/pg3537.txt,/home/husam/Desktop/YTU-YL/veri sıkıştırma/data-comp-project/data/processed/books/3537.txt,accepted,
3557,Memoirs of Napoleon Bonaparte — Volume 07,"Bourrienne, Louis Antoine Fauvelet de, 1769-1834; Phipps, Ramsay Weston, 1838-1923 [Editor]",en,https://www.gutenberg.org/cache/epub/3557/pg3557.txt,/home/husam/Desktop/YTU-YL/veri sıkıştırma/data-comp-project/data/processed/books/3557.txt,accepted,
3571,Recollections of the Private Life of Napoleon — Volume 04,"Wairy, Louis Constant, 1778-1845; Clark, Walter, 1846-1924 [Translator]",en,https://www.gutenberg.org/cache/epub/3571/pg3571.txt,/home/husam/Desktop/YTU-YL/veri sıkıştırma/data-comp-project/data/processed/books/3571.txt,accepted,
3658,The Prospector: A Tale of the Crow's Nest Pass,"Connor, Ralph, 1860-1937",en,https://www.gutenberg.org/cache/epub/3658/pg3658.txt,/home/husam/Desktop/YTU-YL/veri sıkıştırma/data-comp-project/data/processed/books/3658.txt,accepted,
3798,Reminiscences of Captain Gronow,"Gronow, R. H. (Rees Howell), 1794-1865",en,https://www.gutenberg.org/cache/epub/3798/pg3798.txt,/home/husam/Desktop/YTU-YL/veri sıkıştırma/data-comp-project/data/processed/books/3798.txt,accepted,
3913,The Confessions of Jean Jacques Rousseau — Complete,"Rousseau, Jean-Jacques, 1712-1778",en,https://www.gutenberg.org/cache/epub/3913/pg3913.txt,/home/husam/Desktop/YTU-YL/veri sıkıştırma/data-comp-project/data/processed/books/3913.txt,accepted,
3975,The Ink-Stain (Tache d'encre) — Complete,"Bazin, René, 1853-1932",en,https://www.gutenberg.org/cache/epub/3975/pg3975.txt,/home/husam/Desktop/YTU-YL/veri sıkıştırma/data-comp-project/data/processed/books/3975.txt,accepted,
3994,Madame Chrysantheme — Volume 4,"Loti, Pierre, 1850-1923",en,https://www.gutenberg.org/cache/epub/3994/pg3994.txt,/home/husam/Desktop/YTU-YL/veri sıkıştırma/data-comp-project/data/processed/books/3994.txt,accepted,
4045,Omoo: Adventures in the South Seas,"Melville, Herman, 1819-1891",en,https://www.gutenberg.org/cache/epub/4045/pg4045.txt,/home/husam/Desktop/YTU-YL/veri sıkıştırma/data-comp-project/data/processed/books/4045.txt,accepted,
4084,The Adventures of Peregrine Pickle,"Smollett, T. (Tobias), 1721-1771",en,https://www.gutenberg.org/cache/epub/4084/pg4084.txt,/home/husam/Desktop/YTU-YL/veri sıkıştırma/data-comp-project/data/processed/books/4084.txt,accepted,
4095,Plato and Platonism,"Pater, Walter, 1839-1894",en,https://www.gutenberg.org/cache/epub/4095/pg4095.txt,/home/husam/Desktop/YTU-YL/veri sıkıştırma/data-comp-project/data/processed/books/4095.txt,accepted,
4112,Christopher Columbus and the New World of His Discovery — Volume 5,"Young, Filson, 1876-1938",en,https://www.gutenberg.org/cache/epub/4112/pg4112.txt,/home/husam/Desktop/YTU-YL/veri sıkıştırma/data-comp-project/data/processed/books/4112.txt,accepted,
4226,Empress Josephine: An Historical Sketch of the Days of Napoleon,"Mühlbach, L. (Luise), 1814-1873",en,https://www.gutenberg.org/cache/epub/4226/pg4226.txt,/home/husam/Desktop/YTU-YL/veri sıkıştırma/data-comp-project/data/processed/books/4226.txt,accepted,
4248,The Problem of the Ohio Mounds,"Thomas, Cyrus, 1825-1910",en,https://www.gutenberg.org/cache/epub/4248/pg4248.txt,/home/husam/Desktop/YTU-YL/veri sıkıştırma/data-comp-project/data/processed/books/4248.txt,accepted,
4335,"The Grounds of an Opinion on the Policy of Restricting the Importation of Foreign Corn Intended as an appendix to ""Observations on the corn laws""","Malthus, T. R. (Thomas Robert), 1766-1834",en,https://www.gutenberg.org/cache/epub/4335/pg4335.txt,/home/husam/Desktop/YTU-YL/veri sıkıştırma/data-comp-project/data/processed/books/4335.txt,accepted,
4423,Rhoda Fleming — Volume 3,"Meredith, George, 1828-1909",en,https://www.gutenberg.org/cache/epub/4423/pg4423.txt,/home/husam/Desktop/YTU-YL/veri sıkıştırma/data-comp-project/data/processed/books/4423.txt,accepted,
4456,Beauchamp's Career — Volume 4,"Meredith, George, 1828-1909",en,https://www.gutenberg.org/cache/epub/4456/pg4456.txt,/home/husam/Desktop/YTU-YL/veri sıkıştırma/data-comp-project/data/processed/books/4456.txt,accepted,
4469,Diana of the Crossways — Volume 5,"Meredith, George, 1828-1909",en,https://www.gutenberg.org/cache/epub/4469/pg4469.txt,/home/husam/Desktop/YTU-YL/veri sıkıştırma/data-comp-project/data/processed/books/4469.txt,accepted,
4624,"Off-Hand Sketches, a Little Dashed with Humor","Arthur, T. S. (Timothy Shay), 1809-1885",en,https://www.gutenberg.org/cache/epub/4624/pg4624.txt,/home/husam/Desktop/YTU-YL/veri sıkıştırma/data-comp-project/data/processed/books/4624.txt,accepted,
4712,The Landloper: The Romance of a Man on Foot,"Day, Holman, 1865-1935",en,https://www.gutenberg.org/cache/epub/4712/pg4712.txt,/home/husam/Desktop/YTU-YL/veri sıkıştırma/data-comp-project/data/processed/books/4712.txt,accepted,
4755,California and the Californians,"Jordan, David Starr, 1851-1931",en,https://www.gutenberg.org/cache/epub/4755/pg4755.txt,/home/husam/Desktop/YTU-YL/veri sıkıştırma/data-comp-project/data/processed/books/4755.txt,accepted,
4797,The Complete Poetical Works of Percy Bysshe Shelley — Volume 1,"Shelley, Percy Bysshe, 1792-1822; Hutchinson, Thomas [Editor]",en,https://www.gutenberg.org/cache/epub/4797/pg4797.txt,/home/husam/Desktop/YTU-YL/veri sıkıştırma/data-comp-project/data/processed/books/4797.txt,accepted,
4803,The Rise of the Dutch Republic — Volume 03: 1555,"Motley, John Lothrop, 1814-1877",en,https://www.gutenberg.org/cache/epub/4803/pg4803.txt,/home/husam/Desktop/YTU-YL/veri sıkıştırma/data-comp-project/data/processed/books/4803.txt,accepted,
4815,"The Rise of the Dutch Republic — Volume 14: 1568, part I","Motley, John Lothrop, 1814-1877",en,https://www.gutenberg.org/cache/epub/4815/pg4815.txt,/home/husam/Desktop/YTU-YL/veri sıkıştırma/data-comp-project/data/processed/books/4815.txt,accepted,
4842,"History of the United Netherlands from the Death of William the Silent to the Twelve Year's Truce, 1585e","Motley, John Lothrop, 1814-1877",en,https://www.gutenberg.org/cache/epub/4842/pg4842.txt,/home/husam/Desktop/YTU-YL/veri sıkıştırma/data-comp-project/data/processed/books/4842.txt,accepted,
4856,"History of the United Netherlands, 1588b","Motley, John Lothrop, 1814-1877",en,https://www.gutenberg.org/cache/epub/4856/pg4856.txt,/home/husam/Desktop/YTU-YL/veri sıkıştırma/data-comp-project/data/processed/books/4856.txt,accepted,
4865,"History of the United Netherlands, 1592-94","Motley, John Lothrop, 1814-1877",en,https://www.gutenberg.org/cache/epub/4865/pg4865.txt,/home/husam/Desktop/YTU-YL/veri sıkıştırma/data-comp-project/data/processed/books/4865.txt,accepted,
4892,"Life and Death of John of Barneveld, Advocate of Holland : with a view of the primary causes and movements of the Thirty Years' War — Complete (1609-15)","Motley, John Lothrop, 1814-1877",en,https://www.gutenberg.org/cache/epub/4892/pg4892.txt,/home/husam/Desktop/YTU-YL/veri sıkıştırma/data-comp-project/data/processed/books/4892.txt,accepted,
4957,"The Heart's Secret; Or, the Fortunes of a Soldier: a Story of Love and the Low Latitudes.","Ballou, Maturin M. (Maturin Murray), 1820-1895",en,https://www.gutenberg.org/cache/epub/4957/pg4957.txt,/home/husam/Desktop/YTU-YL/veri sıkıştırma/data-comp-project/data/processed/books/4957.txt,accepted,
4966,"Waverley; or, 'Tis sixty years since — Complete","Scott, Walter, 1771-1832",en,https://www.gutenberg.org/cache/epub/4966/pg4966.txt,/home/husam/Desktop/YTU-YL/veri sıkıştırma/data-comp-project/data/processed/books/4966.txt,accepted,
4994,"Five Thousand Miles Underground; Or, the Mystery of the Centre of the Earth","Rockwood, Roy",en,https://www.gutenberg.org/cache/epub/4994/pg4994.txt,/home/husam/Desktop/YTU-YL/veri sıkıştırma/data-comp-project/data/processed/books/4994.txt,accepted,
5069,The Doctor's Dilemma: Preface on Doctors,"Shaw, Bernard, 1856-1950",en,https://www.gutenberg.org/cache/epub/5069/pg5069.txt,/home/husam/Desktop/YTU-YL/veri sıkıştırma/data-comp-project/data/processed/books/5069.txt,accepted,
5090,I will repay,"Orczy, Emmuska Orczy, Baroness, 1865-1947",en,https://www.gutenberg.org/cache/epub/5090/pg5090.txt,/home/husam/Desktop/YTU-YL/veri sıkıştırma/data-comp-project/data/processed/books/5090.txt,accepted,
5124,"Henrietta's Wish; Or, Domineering","Yonge, Charlotte M. (Charlotte Mary), 1823-1901",en,https://www.gutenberg.org/cache/epub/5124/pg5124.txt,/home/husam/Desktop/YTU-YL/veri sıkıştırma/data-comp-project/data/processed/books/5124.txt,accepted,
5273,Darwiniana; Essays and Reviews Pertaining to Darwinism,"Gray, Asa, 1810-1888",en,https://www.gutenberg.org/cache/epub/5273/pg5273.txt,/home/husam/Desktop/YTU-YL/veri sıkıştırma/data-comp-project/data/processed/books/5273.txt,accepted,
5282,"The Tales and Novels, v9: Belphegor and Others","La Fontaine, Jean de, 1621-1695",en,https://www.gutenberg.org/cache/epub/5282/pg5282.txt,/home/husam/Desktop/YTU-YL/veri sıkıştırma/data-comp-project/data/processed/books/5282.txt,accepted,
5426,Princess Polly's Playmates,"Brooks, Amy",en,https://www.gutenberg.org/cache/epub/5426/pg5426.txt,/home/husam/Desktop/YTU-YL/veri sıkıştırma/data-comp-project/data/processed/books/5426.txt,accepted,
5510,Arachne — Volume 03,"Ebers, Georg, 1837-1898; Safford, Mary J. (Mary Joanna), 1842-1916 [Translator]",en,https://www.gutenberg.org/cache/epub/5510/pg5510.txt,/home/husam/Desktop/YTU-YL/veri sıkıştırma/data-comp-project/data/processed/books/5510.txt,accepted,
5513,Arachne — Volume 06,"Ebers, Georg, 1837-1898; Safford, Mary J. (Mary Joanna), 1842-1916 [Translator]",en,https://www.gutenberg.org/cache/epub/5513/pg5513.txt,/home/husam/Desktop/YTU-YL/veri sıkıştırma/data-comp-project/data/processed/books/5513.txt,accepted,
5578,The Burgomaster's Wife — Volume 01,"Ebers, Georg, 1837-1898; Safford, Mary J. (Mary Joanna), 1842-1916 [Translator]",en,https://www.gutenberg.org/cache/epub/5578/pg5578.txt,/home/husam/Desktop/YTU-YL/veri sıkıştırma/data-comp-project/data/processed/books/5578.txt,accepted,
5599,The Story of My Life — Complete,"Ebers, Georg, 1837-1898; Safford, Mary J. (Mary Joanna), 1842-1916 [Translator]",en,https://www.gutenberg.org/cache/epub/5599/pg5599.txt,/home/husam/Desktop/YTU-YL/veri sıkıştırma/data-comp-project/data/processed/books/5599.txt,accepted,
5632,Five Little Peppers Midway,"Sidney, Margaret, 1844-1924",en,https://www.gutenberg.org/cache/epub/5632/pg5632.txt,/home/husam/Desktop/YTU-YL/veri sıkıştırma/data-comp-project/data/processed/books/5632.txt,accepted,
5726,The Fairy-Land of Science,"Buckley, Arabella B. (Arabella Burton), 1840-1929",en,https://www.gutenberg.org/cache/epub/5726/pg5726.txt,/home/husam/Desktop/YTU-YL/veri sıkıştırma/data-comp-project/data/processed/books/5726.txt,accepted,
5731,Patty in Paris,"Wells, Carolyn, 1862-1942",en,https://www.gutenberg.org/cache/epub/5731/pg5731.txt,/home/husam/Desktop/YTU-YL/veri sıkıştırma/data-comp-project/data/processed/books/5731.txt,accepted,
5864,"Personal Memoirs of U. S. Grant, Part 5.","Grant, Ulysses S. (Ulysses Simpson), 1822-1885",en,https://www.gutenberg.org/cache/epub/5864/pg5864.txt,/home/husam/Desktop/YTU-YL/veri sıkıştırma/data-comp-project/data/processed/books/5864.txt,accepted,
5929,"The History of Don Quixote, Volume 2, Part 26","Cervantes Saavedra, Miguel de, 1547-1616; Doré, Gustave, 1832-1883 [Illustrator]; Ormsby, John, 1829-1895 [Translator]",en,https://www.gutenberg.org/cache/epub/5929/pg5929.txt,/home/husam/Desktop/YTU-YL/veri sıkıştırma/data-comp-project/data/processed/books/5929.txt,accepted,
5986,Clara Hopgood,"White, William Hale, 1831-1913",en,https://www.gutenberg.org/cache/epub/5986/pg5986.txt,/home/husam/Desktop/YTU-YL/veri sıkıştırma/data-comp-project/data/processed/books/5986.txt,accepted,
6072,The Boy Allies with Uncle Sam's Cruisers,"Hayes, Clair W. (Clair Wallace), 1887-",en,https://www.gutenberg.org/cache/epub/6072/pg6072.txt,/home/husam/Desktop/YTU-YL/veri sıkıştırma/data-comp-project/data/processed/books/6072.txt,accepted,
6339,The Boy Scouts on a Submarine,"Blaine, John",en,https://www.gutenberg.org/cache/epub/6339/pg6339.txt,/home/husam/Desktop/YTU-YL/veri sıkıştırma/data-comp-project/data/processed/books/6339.txt,accepted,
6436,Castle Nowhere,"Woolson, Constance Fenimore, 1840-1894",en,https://www.gutenberg.org/cache/epub/6436/pg6436.txt,/home/husam/Desktop/YTU-YL/veri sıkıştırma/data-comp-project/data/processed/books/6436.txt,accepted,
6466,The Intellectual Development of the Canadian People: An Historical Review,"Bourinot, John George, 1837-1902",en,https://www.gutenberg.org/cache/epub/6466/pg6466.txt,/home/husam/Desktop/YTU-YL/veri sıkıştırma/data-comp-project/data/processed/books/6466.txt,accepted,
6510,"The suppressed Gospels and Epistles of the original New Testament of Jesus the Christ, Volume 4, Nicodemus","Wake, William, 1657-1737",en,https://www.gutenberg.org/cache/epub/6510/pg6510.txt,/home/husam/Desktop/YTU-YL/veri sıkıştırma/data-comp-project/data/processed/books/6510.txt,accepted,
6519,Songs of Kabir,"Kabir, -1518; Underhill, Evelyn, 1875-1941 [Author of introduction, etc.]; Tagore, Rabindranath, 1861-1941 [Translator]",en,https://www.gutenberg.org/cache/epub/6519/pg6519.txt,/home/husam/Desktop/YTU-YL/veri sıkıştırma/data-comp-project/data/processed/books/6519.txt,accepted,
6568,Sociology and Modern Social Problems,"Ellwood, Charles A. (Charles Abram), 1873-1946",en,https://www.gutenberg.org/cache/epub/6568/pg6568.txt,/home/husam/Desktop/YTU-YL/veri sıkıştırma/data-comp-project/data/processed/books/6568.txt,accepted,
6609,Myths and Legends of Our Own Land — Volume 04 : Tales of Puritan Land,"Skinner, Charles M. (Charles Montgomery), 1852-1907",en,https://www.gutenberg.org/cache/epub/6609/pg6609.txt,/home/husam/Desktop/YTU-YL/veri sıkıştırma/data-comp-project/data/processed/books/6609.txt,accepted,
6795,The Poems of Schiller — Second period,"Schiller, Friedrich, 1759-1805",en,https://www.gutenberg.org/cache/epub/6795/pg6795.txt,/home/husam/Desktop/YTU-YL/veri sıkıştırma/data-comp-project/data/processed/books/6795.txt,accepted,
6809,The Doctor's Daughter,"Vera, 1865-",en,https://www.gutenberg.org/cache/epub/6809/pg6809.txt,/home/husam/Desktop/YTU-YL/veri sıkıştırma/data-comp-project/data/processed/books/6809.txt,accepted,
6885,The Indolence of the Filipino,"Rizal, José, 1861-1896; Derbyshire, Charles E. (Charles Edward), 1880-1933 [Translator]",en,https://www.gutenberg.org/cache/epub/6885/pg6885.txt,/home/husam/Desktop/YTU-YL/veri sıkıştırma/data-comp-project/data/processed/books/6885.txt,accepted,
6925,The History of Thomas Ellwood Written By Himself,"Ellwood, Thomas, 1639-1714?; Morley, Henry, 1822-1894 [Author of introduction, etc.]",en,https://www.gutenberg.org/cache/epub/6925/pg6925.txt,/home/husam/Desktop/YTU-YL/veri sıkıştırma/data-comp-project/data/processed/books/6925.txt,accepted,
7039,"The Angel Adjutant of ""Twice Born Men""","Carpenter, Minnie Lindsay Rowell, 1874-1960",en,https://www.gutenberg.org/cache/epub/7039/pg7039.txt,/home/husam/Desktop/YTU-YL/veri sıkıştırma/data-comp-project/data/processed/books/7039.txt,accepted,
7115,Giant Hours with Poet Preachers,"Stidger, William L. (William Le Roy), 1885-1949",en,https://www.gutenberg.org/cache/epub/7115/pg7115.txt,/home/husam/Desktop/YTU-YL/veri sıkıştırma/data-comp-project/data/processed/books/7115.txt,accepted,
7199,"The Adventures of Tom Sawyer, Part 7.","Twain, Mark, 1835-1910",en,https://www.gutenberg.org/cache/epub/7199/pg7199.txt,/home/husam/Desktop/YTU-YL/veri sıkıştırma/data-comp-project/data/processed/books/7199.txt,accepted,
7237,Roving East and Roving West,"Lucas, E. V. (Edward Verrall), 1868-1938",en,https://www.gutenberg.org/cache/epub/7237/pg7237.txt,/home/husam/Desktop/YTU-YL/veri sıkıştırma/data-comp-project/data/processed/books/7237.txt,accepted,
7257,Reflections and Comments 1865-1895,"Godkin, Edwin Lawrence, 1831-1902",en,https://www.gutenberg.org/cache/epub/7257/pg7257.txt,/home/husam/Desktop/YTU-YL/veri sıkıştırma/data-comp-project/data/processed/books/7257.txt,accepted,
7345,Travels in Alaska,"Muir, John, 1838-1914",en,https://www.gutenberg.org/cache/epub/7345/pg7345.txt,/home/husam/Desktop/YTU-YL/veri sıkıştırma/data-comp-project/data/processed/books/7345.txt,accepted,
7562,Quotes and Images From Memoirs of Madame De Montespan,"Montespan, Madame de, 1641-1707; Widger, David, 1932-2021? [Editor]",en,https://www.gutenberg.org/cache/epub/7562/pg7562.txt,/home/husam/Desktop/YTU-YL/veri sıkıştırma/data-comp-project/data/processed/books/7562.txt,accepted,
7574,Widger's Quotes and Images from Cinq Mars by Alfred de Vigny The French Immortals: Quotes and Images,"Vigny, Alfred de, 1797-1863; Widger, David, 1932-2021? [Editor]",en,https://www.gutenberg.org/cache/epub/7574/pg7574.txt,/home/husam/Desktop/YTU-YL/veri sıkıştırma/data-comp-project/data/processed/books/7574.txt,accepted,
7603,The Caxtons: A Family Picture — Volume 17,"Lytton, Edward Bulwer Lytton, Baron, 1803-1873",en,https://www.gutenberg.org/cache/epub/7603/pg7603.txt,/home/husam/Desktop/YTU-YL/veri sıkıştırma/data-comp-project/data/processed/books/7603.txt,accepted,
7673,Harold : the Last of the Saxon Kings — Volume 02,"Lytton, Edward Bulwer Lytton, Baron, 1803-1873",en,https://www.gutenberg.org/cache/epub/7673/pg7673.txt,/home/husam/Desktop/YTU-YL/veri sıkıştırma/data-comp-project/data/processed/books/7673.txt,accepted,
7693,A Strange Story — Volume 02,"Lytton, Edward Bulwer Lytton, Baron, 1803-1873",en,https://www.gutenberg.org/cache/epub/7693/pg7693.txt,/home/husam/Desktop/YTU-YL/veri sıkıştırma/data-comp-project/data/processed/books/7693.txt,accepted,
7750,"Godolphin, Volume 1.","Lytton, Edward Bulwer Lytton, Baron, 1803-1873",en,https://www.gutenberg.org/cache/epub/7750/pg7750.txt,/home/husam/Desktop/YTU-YL/veri sıkıştırma/data-comp-project/data/processed/books/7750.txt,accepted,
7777,"Narrative of the Voyages Round the World, Performed by Captain James Cook With an Account of His Life During the Previous and Intervening Periods","Kippis, Andrew, 1725-1795",en,https://www.gutenberg.org/cache/epub/7777/pg7777.txt,/home/husam/Desktop/YTU-YL/veri sıkıştırma/data-comp-project/data/processed/books/7777.txt,accepted,
7906,"American Historical and Literary Curiosities, Part 06","Smith, J. Jay (John Jay), 1798-1881; Watson, John F. (John Fanning), 1779-1860",en,https://www.gutenberg.org/cache/epub/7906/pg7906.txt,/home/husam/Desktop/YTU-YL/veri sıkıştırma/data-comp-project/data/processed/books/7906.txt,accepted,
7920,"American Historical and Literary Curiosities, Part 20","Smith, J. Jay (John Jay), 1798-1881",en,https://www.gutenberg.org/cache/epub/7920/pg7920.txt,/home/husam/Desktop/YTU-YL/veri sıkıştırma/data-comp-project/data/processed/books/7920.txt,accepted,
7948,Abbotsford and Newstead Abbey,"Irving, Washington, 1783-1859",en,https://www.gutenberg.org/cache/epub/7948/pg7948.txt,/home/husam/Desktop/YTU-YL/veri sıkıştırma/data-comp-project/data/processed/books/7948.txt,accepted,
8124,Woodrow Wilson as I Know Him,"Tumulty, Joseph P. (Joseph Patrick), 1879-1954",en,https://www.gutenberg.org/cache/epub/8124/pg8124.txt,/home/husam/Desktop/YTU-YL/veri sıkıştırma/data-comp-project/data/processed/books/8124.txt,accepted,
8135,The Cathedral: A Novel,"Walpole, Hugh, 1884-1941",en,https://www.gutenberg.org/cache/epub/8135/pg8135.txt,/home/husam/Desktop/YTU-YL/veri sıkıştırma/data-comp-project/data/processed/books/8135.txt,accepted,
8136,Henry Fielding: a Memoir Including Newly Discovered Letters and Records with Illustrations from Contemporary Prints,"Godden, G. M. (Gertrude M.), 1867-1947",en,https://www.gutenberg.org/cache/epub/8136/pg8136.txt,/home/husam/Desktop/YTU-YL/veri sıkıştırma/data-comp-project/data/processed/books/8136.txt,accepted,
8193,The Sceptics of the Old Testament: Job - Koheleth - Agur,"Dillon, Emile Joseph, 1855-1933",en,https://www.gutenberg.org/cache/epub/8193/pg8193.txt,/home/husam/Desktop/YTU-YL/veri sıkıştırma/data-comp-project/data/processed/books/8193.txt,accepted,
8199,The Moon Metal,"Serviss, Garrett Putman, 1851-1929",en,https://www.gutenberg.org/cache/epub/8199/pg8199.txt,/home/husam/Desktop/YTU-YL/veri sıkıştırma/data-comp-project/data/processed/books/8199.txt,accepted,
8215,The Developmental Psychology of Psychopathology,"Vaknin, Samuel, 1961-; Rangelovska, Lidija [Editor]",en,https://www.gutenberg.org/cache/epub/8215/pg8215.txt,/home/husam/Desktop/YTU-YL/veri sıkıştırma/data-comp-project/data/processed/books/8215.txt,accepted,
8507,Ten Great Events in History,"Johonnot, James, 1823-1888",en,https://www.gutenberg.org/cache/epub/8507/pg8507.txt,/home/husam/Desktop/YTU-YL/veri sıkıştırma/data-comp-project/data/processed/books/8507.txt,accepted,
8590,Auld Licht Idyls,"Barrie, J. M. (James Matthew), 1860-1937",en,https://www.gutenberg.org/cache/epub/8590/pg8590.txt,/home/husam/Desktop/YTU-YL/veri sıkıştırma/data-comp-project/data/processed/books/8590.txt,accepted,
8644,The Story of Ab: A Tale of the Time of the Cave Man,"Waterloo, Stanley, 1846-1913",en,https://www.gutenberg.org/cache/epub/8644/pg8644.txt,/home/husam/Desktop/YTU-YL/veri sıkıştırma/data-comp-project/data/processed/books/8644.txt,accepted,
8909,"The System of Nature, or, the Laws of the Moral and Physical World. Volume 1","Holbach, Paul Henri Thiry, baron d', 1723-1789",en,https://www.gutenberg.org/cache/epub/8909/pg8909.txt,/home/husam/Desktop/YTU-YL/veri sıkıştırma/data-comp-project/data/processed/books/8909.txt,accepted,
8932,Lessons in Life; A Series of Familiar Essays,"Holland, J. G. (Josiah Gilbert), 1819-1881",en,https://www.gutenberg.org/cache/epub/8932/pg8932.txt,/home/husam/Desktop/YTU-YL/veri sıkıştırma/data-comp-project/data/processed/books/8932.txt,accepted,
9089,Handel,"Dent, Edward J. (Edward Joseph), 1876-1957",en,https://www.gutenberg.org/cache/epub/9089/pg9089.txt,/home/husam/Desktop/YTU-YL/veri sıkıştırma/data-comp-project/data/processed/books/9089.txt,accepted,
9163,"Scientific American Supplement, No. 417, December 29, 1883",Various,en,https://www.gutenberg.org/cache/epub/9163/pg9163.txt,/home/husam/Desktop/YTU-YL/veri sıkıştırma/data-comp-project/data/processed/books/9163.txt,accepted,
9238,"Sylph Etherege (From: ""The Snow Image and Other Twice-Told Tales"")","Hawthorne, Nathaniel, 1804-1864",en,https://www.gutenberg.org/cache/epub/9238/pg9238.txt,/home/husam/Desktop/YTU-YL/veri sıkıştırma/data-comp-project/data/processed/books/9238.txt,accepted,
9249,"Dr. Bullivant (From: ""The Doliver Romance and Other Pieces: Tales and Sketches"")","Hawthorne, Nathaniel, 1804-1864",en,https://www.gutenberg.org/cache/epub/9249/pg9249.txt,/home/husam/Desktop/YTU-YL/veri sıkıştırma/data-comp-project/data/processed/books/9249.txt,accepted,
9265,"The Atlantic Monthly, Volume 04, No. 22, August, 1859 A Magazine of Literature, Art, and Politics",Various,en,https://www.gutenberg.org/cache/epub/9265/pg9265.txt,/home/husam/Desktop/YTU-YL/veri sıkıştırma/data-comp-project/data/processed/books/9265.txt,accepted,
9373,Pax Vobiscum,"Drummond, Henry, 1851-1897",en,https://www.gutenberg.org/cache/epub/9373/pg9373.txt,/home/husam/Desktop/YTU-YL/veri sıkıştırma/data-comp-project/data/processed/books/9373.txt,accepted,
9604,"Hung Lou Meng, or, the Dream of the Red Chamber, a Chinese Novel, Book II","Cao, Xueqin, 1717?-1763; Joly, H. Bencraft, 1857-1898 [Translator]",en,https://www.gutenberg.org/cache/epub/9604/pg9604.txt,/home/husam/Desktop/YTU-YL/veri sıkıştırma/data-comp-project/data/processed/books/9604.txt,accepted,
9608,The Cords of Vanity: A Comedy of Shirking,"Cabell, James Branch, 1879-1958",en,https://www.gutenberg.org/cache/epub/9608/pg9608.txt,/home/husam/Desktop/YTU-YL/veri sıkıştırma/data-comp-project/data/processed/books/9608.txt,accepted,
9789,"Army Boys in the French Trenches; Or, Hand to Hand Fighting with the Enemy","Randall, Homer",en,https://www.gutenberg.org/cache/epub/9789/pg9789.txt,/home/husam/Desktop/YTU-YL/veri sıkıştırma/data-comp-project/data/processed/books/9789.txt,accepted,
9798,Clarissa Harlowe; or the history of a young lady — Volume 2,"Richardson, Samuel, 1689-1761",en,https://www.gutenberg.org/cache/epub/9798/pg9798.txt,/home/husam/Desktop/YTU-YL/veri sıkıştırma/data-comp-project/data/processed/books/9798.txt,accepted,
9867,Riders of the Silences,"Brand, Max, 1892-1944",en,https://www.gutenberg.org/cache/epub/9867/pg9867.txt,/home/husam/Desktop/YTU-YL/veri sıkıştırma/data-comp-project/data/processed/books/9867.txt,accepted,
9936,"Woman's Institute Library of Cookery. Volume 2: Milk, Butter and Cheese; Eggs; Vegetables",Woman's Institute of Domestic Arts and Sciences,en,https://www.gutenberg.org/cache/epub/9936/pg9936.txt,/home/husam/Desktop/YTU-YL/veri sıkıştırma/data-comp-project/data/processed/books/9936.txt,accepted,
10035,"Punchinello, Volume 2, No. 27, October 1, 1870",Various,en,https://www.gutenberg.org/cache/epub/10035/pg10035.txt,/home/husam/Desktop/YTU-YL/veri sıkıştırma/data-comp-project/data/processed/books/10035.txt,accepted,
10350,"The Works of Samuel Johnson, LL.D. in Eleven Volumes, Volume 06 Reviews, Political Tracts, and Lives of Eminent Persons","Johnson, Samuel, 1709-1784",en,https://www.gutenberg.org/cache/epub/10350/pg10350.txt,/home/husam/Desktop/YTU-YL/veri sıkıştırma/data-comp-project/data/processed/books/10350.txt,accepted,
10355,"Travels in Morocco, Volume 1.","Richardson, James, 1806-1851",en,https://www.gutenberg.org/cache/epub/10355/pg10355.txt,/home/husam/Desktop/YTU-YL/veri sıkıştırma/data-comp-project/data/processed/books/10355.txt,accepted,
10450,"Punch, or the London Charivari, Volume 153, August 22, 1917",Various,en,https://www.gutenberg.org/cache/epub/10450/pg10450.txt,/home/husam/Desktop/YTU-YL/veri sıkıştırma/data-comp-project/data/processed/books/10450.txt,accepted,
10456,"The Atlantic Monthly, Volume 02, No. 11, September, 1858 A Magazine of Literature, Art, and Politics",Various,en,https://www.gutenberg.org/cache/epub/10456/pg10456.txt,/home/husam/Desktop/YTU-YL/veri sıkıştırma/data-comp-project/data/processed/books/10456.txt,accepted,
10510,Inaugural Presidential Address,"Clinton, Bill, 1946-",en,https://www.gutenberg.org/cache/epub/10510/pg10510.txt,/home/husam/Desktop/YTU-YL/veri sıkıştırma/data-comp-project/data/processed/books/10510.txt,accepted,
10718,The House of Whispers,"Le Queux, William, 1864-1927",en,https://www.gutenberg.org/cache/epub/10718/pg10718.txt,/home/husam/Desktop/YTU-YL/veri sıkıştırma/data-comp-project/data/processed/books/10718.txt,accepted,
11055,Lord Dolphin,"Cheever, Harriet A. (Harriet Anna); Horne, Diantha W., 1879-1966 [Illustrator]",en,https://www.gutenberg.org/cache/epub/11055/pg11055.txt,/home/husam/Desktop/YTU-YL/veri sıkıştırma/data-comp-project/data/processed/books/11055.txt,accepted,
11073,The Illustrated Alphabet of Birds,Unknown,en,https://www.gutenberg.org/cache/epub/11073/pg11073.txt,/home/husam/Desktop/YTU-YL/veri sıkıştırma/data-comp-project/data/processed/books/11073.txt,accepted,
11110,A Countess from Canada: A Story of Life in the Backwoods,"Marchant, Bessie, 1862-1941",en,https://www.gutenberg.org/cache/epub/11110/pg11110.txt,/home/husam/Desktop/YTU-YL/veri sıkıştırma/data-comp-project/data/processed/books/11110.txt,accepted,
11180,The World's Greatest Books — Volume 06 — Fiction,"Mee, Arthur, 1875-1943 [Editor]; Hammerton, J. A. (John Alexander), 1871-1949 [Editor]",en,https://www.gutenberg.org/cache/epub/11180/pg11180.txt,/home/husam/Desktop/YTU-YL/veri sıkıştırma/data-comp-project/data/processed/books/11180.txt,accepted,
11322,"The Mirror of Literature, Amusement, and Instruction. Volume 13, No. 359, March 7, 1829",Various,en,https://www.gutenberg.org/cache/epub/11322/pg11322.txt,/home/husam/Desktop/YTU-YL/veri sıkıştırma/data-comp-project/data/processed/books/11322.txt,accepted,
11429,"Punch, or the London Charivari, Volume 156, April 30, 1919",Various,en,https://www.gutenberg.org/cache/epub/11429/pg11429.txt,/home/husam/Desktop/YTU-YL/veri sıkıştırma/data-comp-project/data/processed/books/11429.txt,accepted,
11461,"Armenian Literature: Comprising Poetry, Drama, Folk-lore and Classic Traditions; Translated into English for the First Time","Arnot, Robert, 1860- [Translator]; Sundukyan, Gabriel, 1825-1912 [Contributor]; Collins, F. B. (Florence Belle), 1867-1921 [Translator]",en,https://www.gutenberg.org/cache/epub/11461/pg11461.txt,/home/husam/Desktop/YTU-YL/veri sıkıştırma/data-comp-project/data/processed/books/11461.txt,accepted,
11463,"The Mirror of Literature, Amusement, and Instruction. Volume 14, No. 404, December 12, 1829",Various,en,https://www.gutenberg.org/cache/epub/11463/pg11463.txt,/home/husam/Desktop/YTU-YL/veri sıkıştırma/data-comp-project/data/processed/books/11463.txt,accepted,
11584,Madcap,"Gibbs, George, 1870-1942",en,https://www.gutenberg.org/cache/epub/11584/pg11584.txt,/home/husam/Desktop/YTU-YL/veri sıkıştırma/data-comp-project/data/processed/books/11584.txt,accepted,
11608,From a Girl's Point of View,"Bell, Lilian, 1867-1929",en,https://www.gutenberg.org/cache/epub/11608/pg11608.txt,/home/husam/Desktop/YTU-YL/veri sıkıştırma/data-comp-project/data/processed/books/11608.txt,accepted,
11658,"A Williams Anthology A Collection of the Verse and Prose of Williams College, 1798-1910","Lehman, Edwin P. (Edwin Partridge), 1888-1954 [Compiler]; Park, Julian, 1888-1965 [Compiler]",en,https://www.gutenberg.org/cache/epub/11658/pg11658.txt,/home/husam/Desktop/YTU-YL/veri sıkıştırma/data-comp-project/data/processed/books/11658.txt,accepted,
11660,Ethel Morton's Enterprise,"Smith, Mabell S. C. (Mabell Shippie Clarke), 1864-1942",en,https://www.gutenberg.org/cache/epub/11660/pg11660.txt,/home/husam/Desktop/YTU-YL/veri sıkıştırma/data-comp-project/data/processed/books/11660.txt,accepted,
11832,"U.S. Copyright Renewals, 1965 July - December",Library of Congress. Copyright Office,en,https://www.gutenberg.org/cache/epub/11832/pg11832.txt,/home/husam/Desktop/YTU-YL/veri sıkıştırma/data-comp-project/data/processed/books/11832.txt,accepted,
11853,"U.S. Copyright Renewals, 1976 January - June",Library of Congress. Copyright Office,en,https://www.gutenberg.org/cache/epub/11853/pg11853.txt,/home/husam/Desktop/YTU-YL/veri sıkıştırma/data-comp-project/data/processed/books/11853.txt,accepted,
11881,The Shadow of the North: A Story of Old New York and a Lost Campaign,"Altsheler, Joseph A. (Joseph Alexander), 1862-1919",en,https://www.gutenberg.org/cache/epub/11881/pg11881.txt,/home/husam/Desktop/YTU-YL/veri sıkıştırma/data-comp-project/data/processed/books/11881.txt,accepted,
11957,"The Wing-and-Wing; Or, Le Feu-Follet","Cooper, James Fenimore, 1789-1851",en,https://www.gutenberg.org/cache/epub/11957/pg11957.txt,/home/husam/Desktop/YTU-YL/veri sıkıştırma/data-comp-project/data/processed/books/11957.txt,accepted,
11960,The Desire of the Moth; and the Come On,"Rhodes, Eugene Manlove, 1869-1934",en,https://www.gutenberg.org/cache/epub/11960/pg11960.txt,/home/husam/Desktop/YTU-YL/veri sıkıştırma/data-comp-project/data/processed/books/11960.txt,accepted,
11993,"A Residence in France During the Years 1792, 1793, 1794 and 1795, Part II., 1793 Described in a Series of Letters from an English Lady: with General and Incidental Remarks on the French Character and Manners","Biggs, Charlotte, 1763?-1827; Gifford, John, 1758-1818 [Editor]",en,https://www.gutenberg.org/cache/epub/11993/pg11993.txt,/home/husam/Desktop/YTU-YL/veri sıkıştırma/data-comp-project/data/processed/books/11993.txt,accepted,
12020,A Woman of the World: Her Counsel to Other People's Sons and Daughters,"Wilcox, Ella Wheeler, 1850-1919",en,https://www.gutenberg.org/cache/epub/12020/pg12020.txt,/home/husam/Desktop/YTU-YL/veri sıkıştırma/data-comp-project/data/processed/books/12020.txt,accepted,
12135,"The Art of Fencing; Or, The Use of the Small Sword","Labat, maître d'armes; Mahon, Andrew [Translator]",en,https://www.gutenberg.org/cache/epub/12135/pg12135.txt,/home/husam/Desktop/YTU-YL/veri sıkıştırma/data-comp-project/data/processed/books/12135.txt,accepted,
12138,The History of University Education in Maryland The Johns Hopkins University (1876-1891). With supplementary notes on university extension and the university of the future,"Steiner, Bernard C. (Bernard Christian), 1867-1926; Gilman, Daniel Coit, 1831-1908 [Contributor]; Moulton, Richard G. (Richard Green), 1849-1924 [Contributor]",en,https://www.gutenberg.org/cache/epub/12138/pg12138.txt,/home/husam/Desktop/YTU-YL/veri sıkıştırma/data-comp-project/data/processed/books/12138.txt,accepted,
12205,"Lawyer Quince Odd Craft, Part 5.","Jacobs, W. W. (William Wymark), 1863-1943; Owen, Will, 1869-1957 [Illustrator]",en,https://www.gutenberg.org/cache/epub/12205/pg12205.txt,/home/husam/Desktop/YTU-YL/veri sıkıştırma/data-comp-project/data/processed/books/12205.txt,accepted,
12215,Odd craft [complete],"Jacobs, W. W. (William Wymark), 1863-1943; Owen, Will, 1869-1957 [Illustrator]",en,https://www.gutenberg.org/cache/epub/12215/pg12215.txt,/home/husam/Desktop/YTU-YL/veri sıkıştırma/data-comp-project/data/processed/books/12215.txt,accepted,
12280,The Grandissimes,"Cable, George Washington, 1844-1925",en,https://www.gutenberg.org/cache/epub/12280/pg12280.txt,/home/husam/Desktop/YTU-YL/veri sıkıştırma/data-comp-project/data/processed/books/12280.txt,accepted,
12308,Winning His Spurs: A Tale of the Crusades,"Henty, G. A. (George Alfred), 1832-1902",en,https://www.gutenberg.org/cache/epub/12308/pg12308.txt,/home/husam/Desktop/YTU-YL/veri sıkıştırma/data-comp-project/data/processed/books/12308.txt,accepted,
12373,"The Atlantic Monthly, Volume 01, No. 05, March, 1858 A Magazine of Literature, Art, and Politics",Various,en,https://www.gutenberg.org/cache/epub/12373/pg12373.txt,/home/husam/Desktop/YTU-YL/veri sıkıştırma/data-comp-project/data/processed/books/12373.txt,accepted,
12404,"Seeing Europe with Famous Authors, Volume 5 Germany, Austria-Hungary, and Switzerland, Part 1","Halsey, Francis W. (Francis Whiting), 1851-1919 [Editor]",en,https://www.gutenberg.org/cache/epub/12404/pg12404.txt,/home/husam/Desktop/YTU-YL/veri sıkıştırma/data-comp-project/data/processed/books/12404.txt,accepted,
12411,"The Long White Cloud: ""Ao Tea Roa""","Reeves, William Pember, 1857-1932",en,https://www.gutenberg.org/cache/epub/12411/pg12411.txt,/home/husam/Desktop/YTU-YL/veri sıkıştırma/data-comp-project/data/processed/books/12411.txt,accepted,
12509,The Moon Rock,"Rees, Arthur J. (Arthur John), 1872-1942",en,https://www.gutenberg.org/cache/epub/12509/pg12509.txt,/home/husam/Desktop/YTU-YL/veri sıkıştırma/data-comp-project/data/processed/books/12509.txt,accepted,
12618,"The Mirror of Literature, Amusement, and Instruction. Volume 17, No. 472, January 22, 1831",Various,en,https://www.gutenberg.org/cache/epub/12618/pg12618.txt,/home/husam/Desktop/YTU-YL/veri sıkıştırma/data-comp-project/data/processed/books/12618.txt,accepted,
12787,An Introductory Course of Quantitative Chemical Analysis With Explanatory Notes,"Talbot, Henry Paul, 1864-1927",en,https://www.gutenberg.org/cache/epub/12787/pg12787.txt,/home/husam/Desktop/YTU-YL/veri sıkıştırma/data-comp-project/data/processed/books/12787.txt,accepted,
12901,The Moon-Voyage,"Verne, Jules, 1828-1905",en,https://www.gutenberg.org/cache/epub/12901/pg12901.txt,/home/husam/Desktop/YTU-YL/veri sıkıştırma/data-comp-project/data/processed/books/12901.txt,accepted,
13125,Deer Godchild,"Bernard, Marguerite; Serrell, Edith",en,https://www.gutenberg.org/cache/epub/13125/pg13125.txt,/home/husam/Desktop/YTU-YL/veri sıkıştırma/data-comp-project/data/processed/books/13125.txt,accepted,
13279,A Yankee in the Trenches,"Holmes, Robert Derby",en,https://www.gutenberg.org/cache/epub/13279/pg13279.txt,/home/husam/Desktop/YTU-YL/veri sıkıştırma/data-comp-project/data/processed/books/13279.txt,accepted,
13370,"Q. E. D., or New Light on the Doctrine of Creation","Price, George McCready, 1870-1963",en,https://www.gutenberg.org/cache/epub/13370/pg13370.txt,/home/husam/Desktop/YTU-YL/veri sıkıştırma/data-comp-project/data/processed/books/13370.txt,accepted,
13491,"Punch, or the London Charivari, Volume 101, August 15, 1891",Various,en,https://www.gutenberg.org/cache/epub/13491/pg13491.txt,/home/husam/Desktop/YTU-YL/veri sıkıştırma/data-comp-project/data/processed/books/13491.txt,accepted,
13498,The Fortieth Door,"Bradley, Mary Hastings, 1882-1976",en,https://www.gutenberg.org/cache/epub/13498/pg13498.txt,/home/husam/Desktop/YTU-YL/veri sıkıştırma/data-comp-project/data/processed/books/13498.txt,accepted,
13550,"Notes and Queries, Number 06, December 8, 1849",Various,en,https://www.gutenberg.org/cache/epub/13550/pg13550.txt,/home/husam/Desktop/YTU-YL/veri sıkıştırma/data-comp-project/data/processed/books/13550.txt,accepted,
13764,The Art of Letters,"Lynd, Robert, 1879-1949",en,https://www.gutenberg.org/cache/epub/13764/pg13764.txt,/home/husam/Desktop/YTU-YL/veri sıkıştırma/data-comp-project/data/processed/books/13764.txt,accepted,
13935,"The Mirror of Literature, Amusement, and Instruction. Volume 17, No. 491, May 28, 1831",Various,en,https://www.gutenberg.org/cache/epub/13935/pg13935.txt,/home/husam/Desktop/YTU-YL/veri sıkıştırma/data-comp-project/data/processed/books/13935.txt,accepted,
14124,"The Mirror of Literature, Amusement, and Instruction. Volume 20, No. 584. (Supplement to Vol. 20)",Various,en,https://www.gutenberg.org/cache/epub/14124/pg14124.txt,/home/husam/Desktop/YTU-YL/veri sıkıştırma/data-comp-project/data/processed/books/14124.txt,accepted,
14474,The Chemical History of a Candle,"Faraday, Michael, 1791-1867; Crookes, William, 1832-1919 [Editor]",en,https://www.gutenberg.org/cache/epub/14474/pg14474.txt,/home/husam/Desktop/YTU-YL/veri sıkıştırma/data-comp-project/data/processed/books/14474.txt,accepted,
14486,The Thunder Bird,"Bower, B. M., 1871-1940",en,https://www.gutenberg.org/cache/epub/14486/pg14486.txt,/home/husam/Desktop/YTU-YL/veri sıkıştırma/data-comp-project/data/processed/books/14486.txt,accepted,
14494,Scottish sketches,"Barr, Amelia E., 1831-1919",en,https://www.gutenberg.org/cache/epub/14494/pg14494.txt,/home/husam/Desktop/YTU-YL/veri sıkıştırma/data-comp-project/data/processed/books/14494.txt,accepted,
14510,Ireland Under Coercion: The Diary of an American (1 of 2) (2nd ed.) (1888),"Hurlbert, William Henry, 1827-1895",en,https://www.gutenberg.org/cache/epub/14510/pg14510.txt,/home/husam/Desktop/YTU-YL/veri sıkıştırma/data-comp-project/data/processed/books/14510.txt,accepted,
14604,Scandinavian influence on Southern Lowland Scotch A contribution to the study of the linguistic relations of English and Scandinavian,"Flom, George T. (George Tobias), 1871-1960",en,https://www.gutenberg.org/cache/epub/14604/pg14604.txt,/home/husam/Desktop/YTU-YL/veri sıkıştırma/data-comp-project/data/processed/books/14604.txt,accepted,
14625,Military Instructors Manual,"Cole, J. P. (James Perry), 1889-1977; Schoonmaker, Oliver, 1882-1968",en,https://www.gutenberg.org/cache/epub/14625/pg14625.txt,/home/husam/Desktop/YTU-YL/veri sıkıştırma/data-comp-project/data/processed/books/14625.txt,accepted,
14658,The Road,"London, Jack, 1876-1916",en,https://www.gutenberg.org/cache/epub/14658/pg14658.txt,/home/husam/Desktop/YTU-YL/veri sıkıştırma/data-comp-project/data/processed/books/14658.txt,accepted,
14734,Second Plays,"Milne, A. A. (Alan Alexander), 1882-1956",en,https://www.gutenberg.org/cache/epub/14734/pg14734.txt,/home/husam/Desktop/YTU-YL/veri sıkıştırma/data-comp-project/data/processed/books/14734.txt,accepted,
14860,The Journal of Sir Walter Scott From the Original Manuscript at Abbotsford,"Scott, Walter, 1771-1832; Douglas, David, 1823-1916 [Editor]",en,https://www.gutenberg.org/cache/epub/14860/pg14860.txt,/home/husam/Desktop/YTU-YL/veri sıkıştırma/data-comp-project/data/processed/books/14860.txt,accepted,
15082,The Life of the Spirit and the Life of To-day,"Underhill, Evelyn, 1875-1941",en,https://www.gutenberg.org/cache/epub/15082/pg15082.txt,/home/husam/Desktop/YTU-YL/veri sıkıştırma/data-comp-project/data/processed/books/15082.txt,accepted,
15228,Lady Good-for-Nothing: A Man's Portrait of a Woman,"Quiller-Couch, Arthur, 1863-1944",en,https://www.gutenberg.org/cache/epub/15228/pg15228.txt,/home/husam/Desktop/YTU-YL/veri sıkıştırma/data-comp-project/data/processed/books/15228.txt,accepted,
15232,"Notes and Queries, Number 51, October 19, 1850",Various,en,https://www.gutenberg.org/cache/epub/15232/pg15232.txt,/home/husam/Desktop/YTU-YL/veri sıkıştırma/data-comp-project/data/processed/books/15232.txt,accepted,
15250,Myths and Legends of China,"Werner, E. T. C. (Edward Theodore Chalmers), 1864-1954",en,https://www.gutenberg.org/cache/epub/15250/pg15250.txt,/home/husam/Desktop/YTU-YL/veri sıkıştırma/data-comp-project/data/processed/books/15250.txt,accepted,
15266,What Peace Means,"Van Dyke, Henry, 1852-1933",en,https://www.gutenberg.org/cache/epub/15266/pg15266.txt,/home/husam/Desktop/YTU-YL/veri sıkıştırma/data-comp-project/data/processed/books/15266.txt,accepted,
15282,Uncle Wiggily's Travels,"Garis, Howard Roger, 1873-1962; Wisa, Louis, 1873-1953 [Illustrator]",en,https://www.gutenberg.org/cache/epub/15282/pg15282.txt,/home/husam/Desktop/YTU-YL/veri sıkıştırma/data-comp-project/data/processed/books/15282.txt,accepted,
15417,"Scientific American Supplement, No. 388, June 9, 1883",Various,en,https://www.gutenberg.org/cache/epub/15417/pg15417.txt,/home/husam/Desktop/YTU-YL/veri sıkıştırma/data-comp-project/data/processed/books/15417.txt,accepted,
15613,"The Great Round World and What Is Going On In It, Vol. 1, No. 28, May 20, 1897 A Weekly Magazine for Boys and Girls",Various,en,https://www.gutenberg.org/cache/epub/15613/pg15613.txt,/home/husam/Desktop/YTU-YL/veri sıkıştırma/data-comp-project/data/processed/books/15613.txt,accepted,
15670,The Secret Chamber at Chad,"Everett-Green, Evelyn, 1856-1932",en,https://www.gutenberg.org/cache/epub/15670/pg15670.txt,/home/husam/Desktop/YTU-YL/veri sıkıştırma/data-comp-project/data/processed/books/15670.txt,accepted,
15893,The Lighted Way,"Oppenheim, E. Phillips (Edward Phillips), 1866-1946; Wenzell, A. B. (Albert Beck), 1864-1917 [Illustrator]",en,https://www.gutenberg.org/cache/epub/15893/pg15893.txt,/home/husam/Desktop/YTU-YL/veri sıkıştırma/data-comp-project/data/processed/books/15893.txt,accepted,
16113,"Punch, or the London Charivari, Volume 152, June 27, 1917","Various; Seaman, Owen, 1861-1936 [Editor]",en,https://www.gutenberg.org/cache/epub/16113/pg16113.txt,/home/husam/Desktop/YTU-YL/veri sıkıştırma/data-comp-project/data/processed/books/16113.txt,accepted,
16158,The Facts of Reconstruction,"Lynch, John Roy, 1847-1939",en,https://www.gutenberg.org/cache/epub/16158/pg16158.txt,/home/husam/Desktop/YTU-YL/veri sıkıştırma/data-comp-project/data/processed/books/16158.txt,accepted,
16165,"The Seven Great Monarchies Of The Ancient Eastern World, Vol 5: Persia The History, Geography, And Antiquities Of Chaldaea, Assyria, Babylon, Media, Persia, Parthia, And Sassanian or New Persian Empire; With Maps and Illustrations.","Rawlinson, George, 1812-1902",en,https://www.gutenberg.org/cache/epub/16165/pg16165.txt,/home/husam/Desktop/YTU-YL/veri sıkıştırma/data-comp-project/data/processed/books/16165.txt,accepted,
16198,Her own way,"Fitch, Clyde, 1865-1909",en,https://www.gutenberg.org/cache/epub/16198/pg16198.txt,/home/husam/Desktop/YTU-YL/veri sıkıştırma/data-comp-project/data/processed/books/16198.txt,accepted,
16229,The Poems of Henry Van Dyke,"Van Dyke, Henry, 1852-1933",en,https://www.gutenberg.org/cache/epub/16229/pg16229.txt,/home/husam/Desktop/YTU-YL/veri sıkıştırma/data-comp-project/data/processed/books/16229.txt,accepted,
16288,Oddsfish!,"Benson, Robert Hugh, 1871-1914",en,https://www.gutenberg.org/cache/epub/16288/pg16288.txt,/home/husam/Desktop/YTU-YL/veri sıkıştırma/data-comp-project/data/processed/books/16288.txt,accepted,
16297,"The Philippine Islands, 1493-1898 — Volume 22 of 55 1625-29 Explorations by early navigators, descriptions of the islands and their peoples, their history and records of the Catholic missions, as related in contemporaneous books and manuscripts, showing the political, economic, commercial and religious conditions of those islands from their earliest relations with European nations to the close of the nineteenth century.","Blair, Emma Helen, 1851-1911 [Editor]; Bourne, Edward Gaylord, 1860-1908 [Commentator]; Robertson, James Alexander, 1873-1939 [Editor]",en,https://www.gutenberg.org/cache/epub/16297/pg16297.txt,/home/husam/Desktop/YTU-YL/veri sıkıştırma/data-comp-project/data/processed/books/16297.txt,accepted,
16364,"Punch, or the London Charivari, Vol. 158, 1920-03-10",Various,en,https://www.gutenberg.org/cache/epub/16364/pg16364.txt,/home/husam/Desktop/YTU-YL/veri sıkıştırma/data-comp-project/data/processed/books/16364.txt,accepted,
16412,A Study of Shakespeare,"Swinburne, Algernon Charles, 1837-1909; Gosse, Edmund, 1849-1928 [Editor]",en,https://www.gutenberg.org/cache/epub/16412/pg16412.txt,/home/husam/Desktop/YTU-YL/veri sıkıştırma/data-comp-project/data/processed/books/16412.txt,accepted,
16456,"The works of John Dryden, now first collected in eighteen volumes. Volume 06","Dryden, John, 1631-1700; Scott, Walter, 1771-1832 [Editor]",en,https://www.gutenberg.org/cache/epub/16456/pg16456.txt,/home/husam/Desktop/YTU-YL/veri sıkıştırma/data-comp-project/data/processed/books/16456.txt,accepted,
16459,Musical Memories,"Saint-Saëns, Camille, 1835-1921; Rich, Edwin Gile, 1879-1939 [Translator]",en,https://www.gutenberg.org/cache/epub/16459/pg16459.txt,/home/husam/Desktop/YTU-YL/veri sıkıştırma/data-comp-project/data/processed/books/16459.txt,accepted,
16473,Queen Hildegarde,"Richards, Laura Elizabeth Howe, 1850-1943",en,https://www.gutenberg.org/cache/epub/16473/pg16473.txt,/home/husam/Desktop/YTU-YL/veri sıkıştırma/data-comp-project/data/processed/books/16473.txt,accepted,
16500,More Translations from the Chinese,"Waley, Arthur, 1889-1966 [Translator]; Bai, Juyi, 772-846 [Contributor]",en,https://www.gutenberg.org/cache/epub/16500/pg16500.txt,/home/husam/Desktop/YTU-YL/veri sıkıştırma/data-comp-project/data/processed/books/16500.txt,accepted,
16578,The Kipling Reader Selections from the Books of Rudyard Kipling,"Kipling, Rudyard, 1865-1936",en,https://www.gutenberg.org/cache/epub/16578/pg16578.txt,/home/husam/Desktop/YTU-YL/veri sıkıştırma/data-comp-project/data/processed/books/16578.txt,accepted,
16767,Half-hours with the Telescope Being a Popular Guide to the Use of the Telescope as a Means of Amusement and Instruction.,"Proctor, Richard A. (Richard Anthony), 1837-1888",en,https://www.gutenberg.org/cache/epub/16767/pg16767.txt,/home/husam/Desktop/YTU-YL/veri sıkıştırma/data-comp-project/data/processed/books/16767.txt,accepted,
16785,Our Catholic Heritage in English Literature of Pre-Conquest Days,"Hickey, Emily Henrietta, 1845-1924",en,https://www.gutenberg.org/cache/epub/16785/pg16785.txt,/home/husam/Desktop/YTU-YL/veri sıkıştırma/data-comp-project/data/processed/books/16785.txt,accepted,
16866,"The Eclipse of Faith; Or, A Visit to a Religious Sceptic","Rogers, Henry, 1806-1877",en,https://www.gutenberg.org/cache/epub/16866/pg16866.txt,/home/husam/Desktop/YTU-YL/veri sıkıştırma/data-comp-project/data/processed/books/16866.txt,accepted,
16891,Peter Parley's Tales About America and Australia,"Goodrich, Samuel G. (Samuel Griswold), 1793-1860; Wilson, T., 1810-1875 [Editor]; Williams, Samuel, 1788-1853 [Illustrator]",en,https://www.gutenberg.org/cache/epub/16891/pg16891.txt,/home/husam/Desktop/YTU-YL/veri sıkıştırma/data-comp-project/data/processed/books/16891.txt,accepted,
16928,"The Romance of a Pro-Consul Being the Personal Life and Memoirs of the Right Hon. Sir George Grey, K.C.B.","Milne, James, 1865-1951",en,https://www.gutenberg.org/cache/epub/16928/pg16928.txt,/home/husam/Desktop/YTU-YL/veri sıkıştırma/data-comp-project/data/processed/books/16928.txt,accepted,
16936,"Parker's Second Reader National Series of Selections for Reading, Designed For The Younger Classes In Schools, Academies, &C.","Parker, Richard Green, 1798-1869",en,https://www.gutenberg.org/cache/epub/16936/pg16936.txt,/home/husam/Desktop/YTU-YL/veri sıkıştırma/data-comp-project/data/processed/books/16936.txt,accepted,
16949,Flowers from a Persian Garden and Other Papers,"Clouston, W. A. (William Alexander), 1843-1896",en,https://www.gutenberg.org/cache/epub/16949/pg16949.txt,/home/husam/Desktop/YTU-YL/veri sıkıştırma/data-comp-project/data/processed/books/16949.txt,accepted,
16996,Two old faiths,"Mitchell, J. Murray (John Murray), 1815-1904; Muir, William, Sir, 1819-1905",en,https://www.gutenberg.org/cache/epub/16996/pg16996.txt,/home/husam/Desktop/YTU-YL/veri sıkıştırma/data-comp-project/data/processed/books/16996.txt,accepted,
17016,"Division of Words Rules for the Division of Words at the Ends of Lines, with Remarks on Spelling, Syllabication and Pronunciation","Hamilton, Frederick W. (Frederick William), 1860-1940",en,https://www.gutenberg.org/cache/epub/17016/pg17016.txt,/home/husam/Desktop/YTU-YL/veri sıkıştırma/data-comp-project/data/processed/books/17016.txt,accepted,
17024,"The Last Journals of David Livingstone, in Central Africa, from 1865 to His Death, Volume II (of  2), 1869-1873 Continued By A Narrative Of His Last Moments And Sufferings, Obtained From His Faithful Servants Chuma And Susi","Livingstone, David, 1813-1873; Waller, Horace, 1833-1896 [Editor]",en,https://www.gutenberg.org/cache/epub/17024/pg17024.txt,/home/husam/Desktop/YTU-YL/veri sıkıştırma/data-comp-project/data/processed/books/17024.txt,accepted,
17182,Within the Temple of Isis,"Wagner, Belle M.",en,https://www.gutenberg.org/cache/epub/17182/pg17182.txt,/home/husam/Desktop/YTU-YL/veri sıkıştırma/data-comp-project/data/processed/books/17182.txt,accepted,
17217,"The Atlantic Monthly, Volume 18, No. 110, December, 1866 A Magazine of Literature, Science, Art, and Politics",Various,en,https://www.gutenberg.org/cache/epub/17217/pg17217.txt,/home/husam/Desktop/YTU-YL/veri sıkıştırma/data-comp-project/data/processed/books/17217.txt,accepted,
17250,"Mother West Wind ""Where"" Stories","Burgess, Thornton W. (Thornton Waldo), 1874-1965",en,https://www.gutenberg.org/cache/epub/17250/pg17250.txt,/home/husam/Desktop/YTU-YL/veri sıkıştırma/data-comp-project/data/processed/books/17250.txt,accepted,
17342,The Motor Maid,"Williamson, C. N. (Charles Norris), 1859-1920; Williamson, A. M. (Alice Muriel), 1869-1933",en,https://www.gutenberg.org/cache/epub/17342/pg17342.txt,/home/husam/Desktop/YTU-YL/veri sıkıştırma/data-comp-project/data/processed/books/17342.txt,accepted,
17377,"The Works of Guy de Maupassant, Volume 4","Maupassant, Guy de, 1850-1893",en,https://www.gutenberg.org/cache/epub/17377/pg17377.txt,/home/husam/Desktop/YTU-YL/veri sıkıştırma/data-comp-project/data/processed/books/17377.txt,accepted,
17382,A Visit From Saint Nicholas,"Moore, Clement Clarke, 1779-1863; Darley, Felix Octavius Carr, 1822-1888 [Illustrator]",en,https://www.gutenberg.org/cache/epub/17382/pg17382.txt,/home/husam/Desktop/YTU-YL/veri sıkıştırma/data-comp-project/data/processed/books/17382.txt,accepted,
17684,"Life of Lord Byron, Vol. 1 With His Letters and Journals","Moore, Thomas, 1779-1852",en,https://www.gutenberg.org/cache/epub/17684/pg17684.txt,/home/husam/Desktop/YTU-YL/veri sıkıştırma/data-comp-project/data/processed/books/17684.txt,accepted,
17721,"The Bay State Monthly, Volume 3, No. 1",Various,en,https://www.gutenberg.org/cache/epub/17721/pg17721.txt,/home/husam/Desktop/YTU-YL/veri sıkıştırma/data-comp-project/data/processed/books/17721.txt,accepted,
17811,"Grace Harlowe's Junior Year at High School Or, Fast Friends in the Sororities","Chase, Josephine, -1931",en,https://www.gutenberg.org/cache/epub/17811/pg17811.txt,/home/husam/Desktop/YTU-YL/veri sıkıştırma/data-comp-project/data/processed/books/17811.txt,accepted,
17823,"The Hudson Three Centuries of History, Romance and Invention","Bruce, Wallace, 1844-1914",en,https://www.gutenberg.org/cache/epub/17823/pg17823.txt,/home/husam/Desktop/YTU-YL/veri sıkıştırma/data-comp-project/data/processed/books/17823.txt,accepted,
17943,The Observations of Henry,"Jerome, Jerome K. (Jerome Klapka), 1859-1927",en,https://www.gutenberg.org/cache/epub/17943/pg17943.txt,/home/husam/Desktop/YTU-YL/veri sıkıştırma/data-comp-project/data/processed/books/17943.txt,accepted,
18056,The Tin Soldier,"Bailey, Temple, 1869-1953; Wilson, F. Vaux (Francis Vaux), 1874-1938 [Illustrator]",en,https://www.gutenberg.org/cache/epub/18056/pg18056.txt,/home/husam/Desktop/YTU-YL/veri sıkıştırma/data-comp-project/data/processed/books/18056.txt,accepted,
18196,"Life and public services of John Quincy Adams, sixth President of the United States, with the eulogy delivered before the Legislature of New York","Seward, William H. (William Henry), 1801-1872",en,https://www.gutenberg.org/cache/epub/18196/pg18196.txt,/home/husam/Desktop/YTU-YL/veri sıkıştırma/data-comp-project/data/processed/books/18196.txt,accepted,
18214,Our Friend the Dog,"Maeterlinck, Maurice, 1862-1949; Aldin, Cecil, 1870-1935 [Illustrator]; Teixeira de Mattos, Alexander, 1865-1921 [Translator]",en,https://www.gutenberg.org/cache/epub/18214/pg18214.txt,/home/husam/Desktop/YTU-YL/veri sıkıştırma/data-comp-project/data/processed/books/18214.txt,accepted,
18375,"The Argosy, Vol. 51, No. 5, May, 1891","Various; Wood, Charles W. (Charles William), 1841-1919 [Editor]",en,https://www.gutenberg.org/cache/epub/18375/pg18375.txt,/home/husam/Desktop/YTU-YL/veri sıkıştırma/data-comp-project/data/processed/books/18375.txt,accepted,
18410,The Canadian Photoplay title of The Land of Promise,"Torbett, D.; Maugham, W. Somerset (William Somerset), 1874-1965",en,https://www.gutenberg.org/cache/epub/18410/pg18410.txt,/home/husam/Desktop/YTU-YL/veri sıkıştırma/data-comp-project/data/processed/books/18410.txt,accepted,
18441,"Bright-Wits, Prince of Mogadore","Laughlin, Burren; Flood, L. L. (Leopold L.), 1881-",en,https://www.gutenberg.org/cache/epub/18441/pg18441.txt,/home/husam/Desktop/YTU-YL/veri sıkıştırma/data-comp-project/data/processed/books/18441.txt,accepted,
18544,"Narrative of a Mission to Central Africa Performed in the Years 1850-51, Volume 2 Under the Orders and at the Expense of Her Majesty's Government","Richardson, James, 1806-1851",en,https://www.gutenberg.org/cache/epub/18544/pg18544.txt,/home/husam/Desktop/YTU-YL/veri sıkıştırma/data-comp-project/data/processed/books/18544.txt,accepted,
18570,Yule-Tide in Many Lands,"Pringle, Mary Poague; Urann, Clara A.; Bridgman, L. J. (Lewis Jesse), 1857-1931 [Illustrator]",en,https://www.gutenberg.org/cache/epub/18570/pg18570.txt,/home/husam/Desktop/YTU-YL/veri sıkıştırma/data-comp-project/data/processed/books/18570.txt,accepted,
18665,Molly Make-Believe,"Abbott, Eleanor Hallowell, 1872-1958; Tittle, Walter, 1883-1966 [Illustrator]",en,https://www.gutenberg.org/cache/epub/18665/pg18665.txt,/home/husam/Desktop/YTU-YL/veri sıkıştırma/data-comp-project/data/processed/books/18665.txt,accepted,
18712,Levels of Living Essays on Everyday Ideals,"Cope, Henry Frederick, 1870-1923",en,https://www.gutenberg.org/cache/epub/18712/pg18712.txt,/home/husam/Desktop/YTU-YL/veri sıkıştırma/data-comp-project/data/processed/books/18712.txt,accepted,
18728,The Well of Saint Clare,"France, Anatole, 1844-1924; Allinson, A. R. (Alfred Richard), 1852-1929 [Translator]",en,https://www.gutenberg.org/cache/epub/18728/pg18728.txt,/home/husam/Desktop/YTU-YL/veri sıkıştırma/data-comp-project/data/processed/books/18728.txt,accepted,
18772,Twentieth century Negro literature,"Culp, D. W. (Daniel Wallace), 1852-1918 [Editor]",en,https://www.gutenberg.org/cache/epub/18772/pg18772.txt,/home/husam/Desktop/YTU-YL/veri sıkıştırma/data-comp-project/data/processed/books/18772.txt,accepted,
18788,Post-Prandial Philosophy,"Allen, Grant, 1848-1899",en,https://www.gutenberg.org/cache/epub/18788/pg18788.txt,/home/husam/Desktop/YTU-YL/veri sıkıştırma/data-comp-project/data/processed/books/18788.txt,accepted,
18908,Christmas,"Schauffler, Robert Haven, 1879-1964 [Editor]",en,https://www.gutenberg.org/cache/epub/18908/pg18908.txt,/home/husam/Desktop/YTU-YL/veri sıkıştırma/data-comp-project/data/processed/books/18908.txt,accepted,
19094,Magic A Fantastic Comedy,"Chesterton, G. K. (Gilbert Keith), 1874-1936",en,https://www.gutenberg.org/cache/epub/19094/pg19094.txt,/home/husam/Desktop/YTU-YL/veri sıkıştırma/data-comp-project/data/processed/books/19094.txt,accepted,
19170,Primavera: Poems by Four Authors,"Phillips, Stephen, 1864-1915; Binyon, Laurence, 1869-1943; Cripps, Arthur Shearly, 1869-1952; Ghose, Manmohan, 1869-1924",en,https://www.gutenberg.org/cache/epub/19170/pg19170.txt,/home/husam/Desktop/YTU-YL/veri sıkıştırma/data-comp-project/data/processed/books/19170.txt,accepted,
19198,Aliens or Americans?,"Grose, Howard B. (Howard Benjamin), 1851-1939",en,https://www.gutenberg.org/cache/epub/19198/pg19198.txt,/home/husam/Desktop/YTU-YL/veri sıkıştırma/data-comp-project/data/processed/books/19198.txt,accepted,
19240,Bahá'í prayers,"Bahá'u'lláh, 1817-1892; Bab, ʻAli Muhammad Shirazi, 1819-1850; ʻAbdu'l-Bahá, 1844-1921",en,https://www.gutenberg.org/cache/epub/19240/pg19240.txt,/home/husam/Desktop/YTU-YL/veri sıkıştırma/data-comp-project/data/processed/books/19240.txt,accepted,
19243,The Advent of Divine Justice,"Shoghi, Effendi, 1897-1957",en,https://www.gutenberg.org/cache/epub/19243/pg19243.txt,/home/husam/Desktop/YTU-YL/veri sıkıştırma/data-comp-project/data/processed/books/19243.txt,accepted,
19246,The Young Pitcher,"Grey, Zane, 1872-1939",en,https://www.gutenberg.org/cache/epub/19246/pg19246.txt,/home/husam/Desktop/YTU-YL/veri sıkıştırma/data-comp-project/data/processed/books/19246.txt,accepted,
19342,"Complete Hypnotism, Mesmerism, Mind-Reading and Spiritualism How to Hypnotize: Being an Exhaustive and Practical System of Method, Application, and Use","Alpheus, A.",en,https://www.gutenberg.org/cache/epub/19342/pg19342.txt,/home/husam/Desktop/YTU-YL/veri sıkıştırma/data-comp-project/data/processed/books/19342.txt,accepted,
19371,The Forfeit,"Cullum, Ridgwell, 1867-1943",en,https://www.gutenberg.org/cache/epub/19371/pg19371.txt,/home/husam/Desktop/YTU-YL/veri sıkıştırma/data-comp-project/data/processed/books/19371.txt,accepted,
19416,"Illustrated Catalogue of a Portion of the Collections Made During the Field Season of 1881 Third Annual Report of the Bureau of Ethnology to the Secretary of the Smithsonian Institution, 1881-82, Government Printing Office, Washington, 1884, pages 427-510","Holmes, William Henry, 1846-1933",en,https://www.gutenberg.org/cache/epub/19416/pg19416.txt,/home/husam/Desktop/YTU-YL/veri sıkıştırma/data-comp-project/data/processed/books/19416.txt,accepted,
19418,Confessions of Boyhood,"Albee, John, 1833-1915",en,https://www.gutenberg.org/cache/epub/19418/pg19418.txt,/home/husam/Desktop/YTU-YL/veri sıkıştırma/data-comp-project/data/processed/books/19418.txt,accepted,
19477,The Young Trailers: A Story of Early Kentucky,"Altsheler, Joseph A. (Joseph Alexander), 1862-1919",en,https://www.gutenberg.org/cache/epub/19477/pg19477.txt,/home/husam/Desktop/YTU-YL/veri sıkıştırma/data-comp-project/data/processed/books/19477.txt,accepted,
19498,Banzai! by Parabellum,"Grautoff, Ferdinand Heinrich, 1871-1935",en,https://www.gutenberg.org/cache/epub/19498/pg19498.txt,/home/husam/Desktop/YTU-YL/veri sıkıştırma/data-comp-project/data/processed/books/19498.txt,accepted,
19550,Natural History of the Mammalia of India and Ceylon,"Sterndale, Robert Armitage, 1839-1902",en,https://www.gutenberg.org/cache/epub/19550/pg19550.txt,/home/husam/Desktop/YTU-YL/veri sıkıştırma/data-comp-project/data/processed/books/19550.txt,accepted,
19607,"The Outdoor Girls in a Winter Camp Or, Glorious Days on Skates and Ice Boats","Hope, Laura Lee",en,https://www.gutenberg.org/cache/epub/19607/pg19607.txt,/home/husam/Desktop/YTU-YL/veri sıkıştırma/data-comp-project/data/processed/books/19607.txt,accepted,
19659,"The Elements of General Method, Based on the Principles of Herbart","McMurry, Charles A. (Charles Alexander), 1857-1929",en,https://www.gutenberg.org/cache/epub/19659/pg19659.txt,/home/husam/Desktop/YTU-YL/veri sıkıştırma/data-comp-project/data/processed/books/19659.txt,accepted,
19696,The Joyful Heart,"Schauffler, Robert Haven, 1879-1964",en,https://www.gutenberg.org/cache/epub/19696/pg19696.txt,/home/husam/Desktop/YTU-YL/veri sıkıştırma/data-comp-project/data/processed/books/19696.txt,accepted,
19819,Milton's Comus,"Milton, John, 1608-1674; Bell, William, 1860-1940 [Editor]",en,https://www.gutenberg.org/cache/epub/19819/pg19819.txt,/home/husam/Desktop/YTU-YL/veri sıkıştırma/data-comp-project/data/processed/books/19819.txt,accepted,
19853,Bob Hunt in Canada,"Orton, George W., 1873-1958",en,https://www.gutenberg.org/cache/epub/19853/pg19853.txt,/home/husam/Desktop/YTU-YL/veri sıkıştırma/data-comp-project/data/processed/books/19853.txt,accepted,
19929,"Cad Metti, The Female Detective Strategist; Or, Dudie Dunne Again in the Field","Old Sleuth, 1839?-1898",en,https://www.gutenberg.org/cache/epub/19929/pg19929.txt,/home/husam/Desktop/YTU-YL/veri sıkıştırma/data-comp-project/data/processed/books/19929.txt,accepted,
20147,Rip Foster Rides the Gray Planet,"Goodwin, Harold L. (Harold Leland), 1914-1990",en,https://www.gutenberg.org/cache/epub/20147/pg20147.txt,/home/husam/Desktop/YTU-YL/veri sıkıştırma/data-comp-project/data/processed/books/20147.txt,accepted,
20283,Women's Wild Oats: Essays on the Re-fixing of Moral Standards,"Hartley, C. Gasquoine (Catherine Gasquoine), 1867-1928",en,https://www.gutenberg.org/cache/epub/20283/pg20283.txt,/home/husam/Desktop/YTU-YL/veri sıkıştırma/data-comp-project/data/processed/books/20283.txt,accepted,
20516,Christmas: A Story,"Gale, Zona, 1874-1938; Solon, Leon V. (Leon Victor), 1872-1957 [Illustrator]",en,https://www.gutenberg.org/cache/epub/20516/pg20516.txt,/home/husam/Desktop/YTU-YL/veri sıkıştırma/data-comp-project/data/processed/books/20516.txt,accepted,
20612,Fort Amity,"Quiller-Couch, Arthur, 1863-1944",en,https://www.gutenberg.org/cache/epub/20612/pg20612.txt,/home/husam/Desktop/YTU-YL/veri sıkıştırma/data-comp-project/data/processed/books/20612.txt,accepted,
20660,The Faith of Islam,"Sell, Edward, 1839-1932",en,https://www.gutenberg.org/cache/epub/20660/pg20660.txt,/home/husam/Desktop/YTU-YL/veri sıkıştırma/data-comp-project/data/processed/books/20660.txt,accepted,
20718,The Damsel and the Sage: A Woman's Whimsies,"Glyn, Elinor, 1864-1943",en,https://www.gutenberg.org/cache/epub/20718/pg20718.txt,/home/husam/Desktop/YTU-YL/veri sıkıştırma/data-comp-project/data/processed/books/20718.txt,accepted,
20776,Encyclopedia of Needlework,"Dillmont, Thérèse de, 1846-1890",en,https://www.gutenberg.org/cache/epub/20776/pg20776.txt,/home/husam/Desktop/YTU-YL/veri sıkıştırma/data-comp-project/data/processed/books/20776.txt,accepted,
20840,Rebel Spurs,"Norton, Andre, 1912-2005",en,https://www.gutenberg.org/cache/epub/20840/pg20840.txt,/home/husam/Desktop/YTU-YL/veri sıkıştırma/data-comp-project/data/processed/books/20840.txt,accepted,
20900,English Past and Present,"Trench, Richard Chenevix, 1807-1886; Palmer, Abram Smythe [Editor]",en,https://www.gutenberg.org/cache/epub/20900/pg20900.txt,/home/husam/Desktop/YTU-YL/veri sıkıştırma/data-comp-project/data/processed/books/20900.txt,accepted,
20948,Memoirs of the Jacobites of 1715 and 1745. Volume III.,"Thomson, A. T., Mrs., 1797-1862",en,https://www.gutenberg.org/cache/epub/20948/pg20948.txt,/home/husam/Desktop/YTU-YL/veri sıkıştırma/data-comp-project/data/processed/books/20948.txt,accepted,
21002,The Writings of Thomas Jefferson Library Edition - Vol. 6 (of 20),"Jefferson, Thomas, 1743-1826; Bergh, Albert Ellery, 1861-1919 [Editor]; Lipscomb, Andrew A. (Andrew Adgate), 1854-1915 [Editor]",en,https://www.gutenberg.org/cache/epub/21002/pg21002.txt,/home/husam/Desktop/YTU-YL/veri sıkıştırma/data-comp-project/data/processed/books/21002.txt,accepted,
21005,Shorty McCabe on the Job,"Ford, Sewell, 1868-1946",en,https://www.gutenberg.org/cache/epub/21005/pg21005.txt,/home/husam/Desktop/YTU-YL/veri sıkıştırma/data-comp-project/data/processed/books/21005.txt,accepted,
21038,A Dog with a Bad Name,"Reed, Talbot Baines, 1852-1893",en,https://www.gutenberg.org/cache/epub/21038/pg21038.txt,/home/husam/Desktop/YTU-YL/veri sıkıştırma/data-comp-project/data/processed/books/21038.txt,accepted,
21049,"The Curlytops and Their Pets; Or, Uncle Toby's Strange Collection","Garis, Howard Roger, 1873-1962; Greene, Julia [Illustrator]",en,https://www.gutenberg.org/cache/epub/21049/pg21049.txt,/home/husam/Desktop/YTU-YL/veri sıkıştırma/data-comp-project/data/processed/books/21049.txt,accepted,
21060,The Congo Rovers: A Story of the Slave Squadron,"Collingwood, Harry, 1851-1922; Schönberg, John [Illustrator]",en,https://www.gutenberg.org/cache/epub/21060/pg21060.txt,/home/husam/Desktop/YTU-YL/veri sıkıştırma/data-comp-project/data/processed/books/21060.txt,accepted,
21077,The Mind and the Brain Being the Authorised Translation of L'Âme et le Corps,"Binet, Alfred, 1857-1911",en,https://www.gutenberg.org/cache/epub/21077/pg21077.txt,/home/husam/Desktop/YTU-YL/veri sıkıştırma/data-comp-project/data/processed/books/21077.txt,accepted,
21088,The White Squall: A Story of the Sargasso Sea,"Hutcheson, John C. (John Conroy); Schönberg, John [Illustrator]",en,https://www.gutenberg.org/cache/epub/21088/pg21088.txt,/home/husam/Desktop/YTU-YL/veri sıkıştırma/data-comp-project/data/processed/books/21088.txt,accepted,
21226,Christie Redfern's Troubles,"Robertson, Margaret M. (Margaret Murray), 1821-1897; Lintott, Edward Barnard, 1875-1951 [Illustrator]",en,https://www.gutenberg.org/cache/epub/21226/pg21226.txt,/home/husam/Desktop/YTU-YL/veri sıkıştırma/data-comp-project/data/processed/books/21226.txt,accepted,
21227,Shenac's Work at Home,"Robertson, Margaret M. (Margaret Murray), 1821-1897",en,https://www.gutenberg.org/cache/epub/21227/pg21227.txt,/home/husam/Desktop/YTU-YL/veri sıkıştırma/data-comp-project/data/processed/books/21227.txt,accepted,
21237,The Bush Boys: History and Adventures of a Cape Farmer and his Family,"Reid, Mayne, 1818-1883",en,https://www.gutenberg.org/cache/epub/21237/pg21237.txt,/home/husam/Desktop/YTU-YL/veri sıkıştırma/data-comp-project/data/processed/books/21237.txt,accepted,
21296,Mother Carey's Chicken: Her Voyage to the Unknown Isle,"Fenn, George Manville, 1831-1909; Forestier, A. (Amédée), 1854-1930 [Illustrator]",en,https://www.gutenberg.org/cache/epub/21296/pg21296.txt,/home/husam/Desktop/YTU-YL/veri sıkıştırma/data-comp-project/data/processed/books/21296.txt,accepted,
21464,The Gilpins and their Fortunes: A Story of Early Days in Australia,"Kingston, William Henry Giles, 1814-1880; Webb, Archibald, 1887-1944 [Illustrator]",en,https://www.gutenberg.org/cache/epub/21464/pg21464.txt,/home/husam/Desktop/YTU-YL/veri sıkıştırma/data-comp-project/data/processed/books/21464.txt,accepted,
21612,"A Child of the Glens; or, Elsie's Fortunes","Hoare, Edward N., 1842-",en,https://www.gutenberg.org/cache/epub/21612/pg21612.txt,/home/husam/Desktop/YTU-YL/veri sıkıştırma/data-comp-project/data/processed/books/21612.txt,accepted,
21655,"The works of Guy de Maupassant, Vol. 5 Une Vie and Other Stories","Maupassant, Guy de, 1850-1893",en,https://www.gutenberg.org/cache/epub/21655/pg21655.txt,/home/husam/Desktop/YTU-YL/veri sıkıştırma/data-comp-project/data/processed/books/21655.txt,accepted,
21700,Don Juan,"Byron, George Gordon Byron, Baron, 1788-1824",en,https://www.gutenberg.org/cache/epub/21700/pg21700.txt,/home/husam/Desktop/YTU-YL/veri sıkıştırma/data-comp-project/data/processed/books/21700.txt,accepted,
21821,The Mark of Cain,"Lang, Andrew, 1844-1912",en,https://www.gutenberg.org/cache/epub/21821/pg21821.txt,/home/husam/Desktop/YTU-YL/veri sıkıştırma/data-comp-project/data/processed/books/21821.txt,accepted,
21853,"Woman's Work in the Civil War: A Record of Heroism, Patriotism, and Patience","Brockett, L. P. (Linus Pierpont), 1820-1893; Vaughan, Mary C.; Bellows, Henry W. (Henry Whitney), 1814-1882 [Commentator]",en,https://www.gutenberg.org/cache/epub/21853/pg21853.txt,/home/husam/Desktop/YTU-YL/veri sıkıştırma/data-comp-project/data/processed/books/21853.txt,accepted,
21988,Breaking Point,"Gunn, James E., 1923-2020",en,https://www.gutenberg.org/cache/epub/21988/pg21988.txt,/home/husam/Desktop/YTU-YL/veri sıkıştırma/data-comp-project/data/processed/books/21988.txt,accepted,
22042,Christmas: Its Origin and Associations Together with Its Historical Events and Festive Celebrations During Nineteen Centuries,"Dawson, W. F. (William Francis)",en,https://www.gutenberg.org/cache/epub/22042/pg22042.txt,/home/husam/Desktop/YTU-YL/veri sıkıştırma/data-comp-project/data/processed/books/22042.txt,accepted,
22088,Apologia pro vita sua,"Newman, John Henry, 1801-1890",en,https://www.gutenberg.org/cache/epub/22088/pg22088.txt,/home/husam/Desktop/YTU-YL/veri sıkıştırma/data-comp-project/data/processed/books/22088.txt,accepted,
22096,Stories the Iroquois Tell Their Children,"Powers, Mabel",en,https://www.gutenberg.org/cache/epub/22096/pg22096.txt,/home/husam/Desktop/YTU-YL/veri sıkıştırma/data-comp-project/data/processed/books/22096.txt,accepted,
22110,Martian V.F.W.,"Vandenburg, G. L.",en,https://www.gutenberg.org/cache/epub/22110/pg22110.txt,/home/husam/Desktop/YTU-YL/veri sıkıştırma/data-comp-project/data/processed/books/22110.txt,accepted,
22115,A Fantasy of Mediterranean Travel,"Bayne, Samuel G. (Samuel Gamble), 1844-1924",en,https://www.gutenberg.org/cache/epub/22115/pg22115.txt,/home/husam/Desktop/YTU-YL/veri sıkıştırma/data-comp-project/data/processed/books/22115.txt,accepted,
22134,Gathering Jewels The Secret of a Beautiful Life: In Memoriam of Mr. & Mrs. James Knowles. Selected from Their Diaries.,"Knowles, James, 1811-1886; Knowles, Matilda Darroch, 1811-1886; Young, Duncan McNeill, 1838-1891 [Editor]",en,https://www.gutenberg.org/cache/epub/22134/pg22134.txt,/home/husam/Desktop/YTU-YL/veri sıkıştırma/data-comp-project/data/processed/books/22134.txt,accepted,
22140,The Wrong Woman,"Stewart, Charles D. (Charles David), 1868-1960; Brett, Harold, 1880-1955 [Illustrator]",en,https://www.gutenberg.org/cache/epub/22140/pg22140.txt,/home/husam/Desktop/YTU-YL/veri sıkıştırma/data-comp-project/data/processed/books/22140.txt,accepted,
22144,Good Old Anna,"Lowndes, Marie Belloc, 1868-1947",en,https://www.gutenberg.org/cache/epub/22144/pg22144.txt,/home/husam/Desktop/YTU-YL/veri sıkıştırma/data-comp-project/data/processed/books/22144.txt,accepted,
22181,The Maid and the Magpie An Interesting Tale Founded on Facts,"Moreton, Charles",en,https://www.gutenberg.org/cache/epub/22181/pg22181.txt,/home/husam/Desktop/YTU-YL/veri sıkıştırma/data-comp-project/data/processed/books/22181.txt,accepted,
22375,"The Atlantic Monthly, Volume 17, No. 104, June, 1866 A Magazine of Literature, Science, Art, and Politics",Various,en,https://www.gutenberg.org/cache/epub/22375/pg22375.txt,/home/husam/Desktop/YTU-YL/veri sıkıştırma/data-comp-project/data/processed/books/22375.txt,accepted,
22579,Bread Overhead,"Leiber, Fritz, 1910-1992; Wood, Wallace, 1927-1981 [Illustrator]",en,https://www.gutenberg.org/cache/epub/22579/pg22579.txt,/home/husam/Desktop/YTU-YL/veri sıkıştırma/data-comp-project/data/processed/books/22579.txt,accepted,
22683,Practical Pointers for Patentees,"Cresee, Franklin Allison",en,https://www.gutenberg.org/cache/epub/22683/pg22683.txt,/home/husam/Desktop/YTU-YL/veri sıkıştırma/data-comp-project/data/processed/books/22683.txt,accepted,
22702,An Echo Of Antietam 1898,"Bellamy, Edward, 1850-1898",en,https://www.gutenberg.org/cache/epub/22702/pg22702.txt,/home/husam/Desktop/YTU-YL/veri sıkıştırma/data-comp-project/data/processed/books/22702.txt,accepted,
22737,John Gayther's Garden and the Stories Told Therein,"Stockton, Frank R., 1834-1902",en,https://www.gutenberg.org/cache/epub/22737/pg22737.txt,/home/husam/Desktop/YTU-YL/veri sıkıştırma/data-comp-project/data/processed/books/22737.txt,accepted,
22842,The Widow's Dog,"Mitford, Mary Russell, 1787-1855",en,https://www.gutenberg.org/cache/epub/22842/pg22842.txt,/home/husam/Desktop/YTU-YL/veri sıkıştırma/data-comp-project/data/processed/books/22842.txt,accepted,
23092,The Simple Life,"Wagner, Charles, 1852-1918; Hendee, Mary Louise, 1859- [Translator]",en,https://www.gutenberg.org/cache/epub/23092/pg23092.txt,/home/husam/Desktop/YTU-YL/veri sıkıştırma/data-comp-project/data/processed/books/23092.txt,accepted,
23378,"Tales of the Sea, and of Our Jack Tars","Kingston, William Henry Giles, 1814-1880; Robertson, T. [Engraver]; Miller, Stephen [Illustrator]",en,https://www.gutenberg.org/cache/epub/23378/pg23378.txt,/home/husam/Desktop/YTU-YL/veri sıkıştırma/data-comp-project/data/processed/books/23378.txt,accepted,
23402,"Notes and Queries, Number 75, April 5, 1851 A Medium of Inter-communication for Literary Men, Artists, Antiquaries, Genealogists, etc.",Various,en,https://www.gutenberg.org/cache/epub/23402/pg23402.txt,/home/husam/Desktop/YTU-YL/veri sıkıştırma/data-comp-project/data/processed/books/23402.txt,accepted,
23560,Carl and the Cotton Gin,"Bassett, Sara Ware, 1872-1968",en,https://www.gutenberg.org/cache/epub/23560/pg23560.txt,/home/husam/Desktop/YTU-YL/veri sıkıştırma/data-comp-project/data/processed/books/23560.txt,accepted,
23648,Gaspar the Gaucho: A Story of the Gran Chaco,"Reid, Mayne, 1818-1883; Tilney, F. C. (Frederick Colin), 1870-1951 [Illustrator]",en,https://www.gutenberg.org/cache/epub/23648/pg23648.txt,/home/husam/Desktop/YTU-YL/veri sıkıştırma/data-comp-project/data/processed/books/23648.txt,accepted,
23797,A True Friend: A Novel,"Sergeant, Adeline, 1851-1904",en,https://www.gutenberg.org/cache/epub/23797/pg23797.txt,/home/husam/Desktop/YTU-YL/veri sıkıştırma/data-comp-project/data/processed/books/23797.txt,accepted,
23809,An Idyl of the East Side 1891,"Janvier, Thomas A. (Thomas Allibone), 1849-1913; Smedley, W. T. (William Thomas), 1858-1920 [Illustrator]",en,https://www.gutenberg.org/cache/epub/23809/pg23809.txt,/home/husam/Desktop/YTU-YL/veri sıkıştırma/data-comp-project/data/processed/books/23809.txt,accepted,
23924,Kiddie the Scout,"Leighton, Robert, 1859-1934; Grey, Frank R. [Illustrator]",en,https://www.gutenberg.org/cache/epub/23924/pg23924.txt,/home/husam/Desktop/YTU-YL/veri sıkıştırma/data-comp-project/data/processed/books/23924.txt,accepted,
24003,Confessions of a Book-Lover,"Egan, Maurice Francis, 1852-1924",en,https://www.gutenberg.org/cache/epub/24003/pg24003.txt,/home/husam/Desktop/YTU-YL/veri sıkıştırma/data-comp-project/data/processed/books/24003.txt,accepted,
24044,Myths and Legends of Christmastide,"Herrick, Bertha F.",en,https://www.gutenberg.org/cache/epub/24044/pg24044.txt,/home/husam/Desktop/YTU-YL/veri sıkıştırma/data-comp-project/data/processed/books/24044.txt,accepted,
24117,A Apple Pie and Other Nursery Tales,Unknown,en,https://www.gutenberg.org/cache/epub/24117/pg24117.txt,/home/husam/Desktop/YTU-YL/veri sıkıştırma/data-comp-project/data/processed/books/24117.txt,accepted,
24281,The Creed of the Old South 1865-1915,"Gildersleeve, Basil L. (Basil Lanneau), 1831-1924",en,https://www.gutenberg.org/cache/epub/24281/pg24281.txt,/home/husam/Desktop/YTU-YL/veri sıkıştırma/data-comp-project/data/processed/books/24281.txt,accepted,
24395,The Winds of Time,"Schmitz, James H., 1911-1981; Brotman, Adolph E. [Illustrator]",en,https://www.gutenberg.org/cache/epub/24395/pg24395.txt,/home/husam/Desktop/YTU-YL/veri sıkıştırma/data-comp-project/data/processed/books/24395.txt,accepted,
24504,"The Greville Memoirs, Part 2 (of 3), Volume 1 (of 3) A Journal of the Reign of Queen Victoria from 1837 to 1852","Greville, Charles, 1794-1865",en,https://www.gutenberg.org/cache/epub/24504/pg24504.txt,/home/husam/Desktop/YTU-YL/veri sıkıştırma/data-comp-project/data/processed/books/24504.txt,accepted,
24688,The Making of a Trade School,"Woolman, Mary Schenck, 1860-1940",en,https://www.gutenberg.org/cache/epub/24688/pg24688.txt,/home/husam/Desktop/YTU-YL/veri sıkıştırma/data-comp-project/data/processed/books/24688.txt,accepted,
24742,"Mary, Mary","Stephens, James, 1882-1950; Colum, Padraic, 1881-1972 [Commentator]",en,https://www.gutenberg.org/cache/epub/24742/pg24742.txt,/home/husam/Desktop/YTU-YL/veri sıkıştırma/data-comp-project/data/processed/books/24742.txt,accepted,
24827,Rita,"Richards, Laura Elizabeth Howe, 1850-1943; Barry, Etheldred B. (Etheldred Breeze), 1870-1967 [Illustrator]",en,https://www.gutenberg.org/cache/epub/24827/pg24827.txt,/home/husam/Desktop/YTU-YL/veri sıkıştırma/data-comp-project/data/processed/books/24827.txt,accepted,
24922,The Honourable Mr. Tawnish,"Farnol, Jeffery, 1878-1952; Brock, C. E. (Charles Edmund), 1870-1938 [Illustrator]",en,https://www.gutenberg.org/cache/epub/24922/pg24922.txt,/home/husam/Desktop/YTU-YL/veri sıkıştırma/data-comp-project/data/processed/books/24922.txt,accepted,
25018,Amusement: A Force in Christian Training,"Vincent, Marvin R., 1834-1922",en,https://www.gutenberg.org/cache/epub/25018/pg25018.txt,/home/husam/Desktop/YTU-YL/veri sıkıştırma/data-comp-project/data/processed/books/25018.txt,accepted,
25190,A Tramp's Notebook,"Roberts, Morley, 1857-1942",en,https://www.gutenberg.org/cache/epub/25190/pg25190.txt,/home/husam/Desktop/YTU-YL/veri sıkıştırma/data-comp-project/data/processed/books/25190.txt,accepted,
25203,The Land of Fire: A Tale of Adventure,"Reid, Mayne, 1818-1883",en,https://www.gutenberg.org/cache/epub/25203/pg25203.txt,/home/husam/Desktop/YTU-YL/veri sıkıştırma/data-comp-project/data/processed/books/25203.txt,accepted,
25234,Cum Grano Salis,"Garrett, Randall, 1927-1987",en,https://www.gutenberg.org/cache/epub/25234/pg25234.txt,/home/husam/Desktop/YTU-YL/veri sıkıştırma/data-comp-project/data/processed/books/25234.txt,accepted,
25282,The Jewish State,"Herzl, Theodor, 1860-1904; Bein, Alex, 1903-1988 [Commentator]; Lipsky, Louis, 1876-1963 [Commentator]",en,https://www.gutenberg.org/cache/epub/25282/pg25282.txt,/home/husam/Desktop/YTU-YL/veri sıkıştırma/data-comp-project/data/processed/books/25282.txt,accepted,
25345,The Goose Man,"Wassermann, Jakob, 1873-1934; Lewisohn, Ludwig, 1882-1955 [Translator]; Porterfield, Allen Wilson, 1877-1952 [Translator]",en,https://www.gutenberg.org/cache/epub/25345/pg25345.txt,/home/husam/Desktop/YTU-YL/veri sıkıştırma/data-comp-project/data/processed/books/25345.txt,accepted,
25442,Aunt Friendly's Picture Book. Containing Thirty-six Pages of Pictures Printed in Colours by Kronheim,"Baker, Sarah S. (Sarah Schoonmaker), 1824-1906 [Editor]; Kronheim, Joseph Martin, 1810-1896 [Illustrator]",en,https://www.gutenberg.org/cache/epub/25442/pg25442.txt,/home/husam/Desktop/YTU-YL/veri sıkıştırma/data-comp-project/data/processed/books/25442.txt,accepted,
25494,The Young Alaskans,"Hough, Emerson, 1857-1923",en,https://www.gutenberg.org/cache/epub/25494/pg25494.txt,/home/husam/Desktop/YTU-YL/veri sıkıştırma/data-comp-project/data/processed/books/25494.txt,accepted,
25511,Ballads of Mystery and Miracle and Fyttes of Mirth Popular Ballads of the Olden Times - Second Series,"Sidgwick, Frank, 1879-1939",en,https://www.gutenberg.org/cache/epub/25511/pg25511.txt,/home/husam/Desktop/YTU-YL/veri sıkıştırma/data-comp-project/data/processed/books/25511.txt,accepted,
25590,The Silly Jelly-Fish Told in English,"Chamberlain, Basil Hall, 1850-1935",en,https://www.gutenberg.org/cache/epub/25590/pg25590.txt,/home/husam/Desktop/YTU-YL/veri sıkıştırma/data-comp-project/data/processed/books/25590.txt,accepted,
25787,"On the Edge of the Arctic; Or, An Aeroplane in Snowland","Sayler, H. L. (Harry Lincoln), 1863-1913; Hall, N. P. [Illustrator]",en,https://www.gutenberg.org/cache/epub/25787/pg25787.txt,/home/husam/Desktop/YTU-YL/veri sıkıştırma/data-comp-project/data/processed/books/25787.txt,accepted,
25982,"Thrilling Narratives of Mutiny, Murder and Piracy A weird series of tales of shipwreck and disaster, from the earliest part of the century to the present time, with accounts of providential escapes and heart-rending fatalities.",Anonymous,en,https://www.gutenberg.org/cache/epub/25982/pg25982.txt,/home/husam/Desktop/YTU-YL/veri sıkıştırma/data-comp-project/data/processed/books/25982.txt,accepted,
26129,John Hus: A brief story of the life of a martyr,"Dallmann, William, 1862-1952",en,https://www.gutenberg.org/cache/epub/26129/pg26129.txt,/home/husam/Desktop/YTU-YL/veri sıkıştırma/data-comp-project/data/processed/books/26129.txt,accepted,
26138,In the Flash Ranging Service Observations of an American Soldier During His Service With the A.E.F. in France,"Trueblood, Edward Alva",en,https://www.gutenberg.org/cache/epub/26138/pg26138.txt,/home/husam/Desktop/YTU-YL/veri sıkıştırma/data-comp-project/data/processed/books/26138.txt,accepted,
26337,"The Great Events by Famous Historians, Volume 09","Johnson, Rossiter, 1840-1931 [Editor]; Horne, Charles F. (Charles Francis), 1870-1942 [Editor]; Rudd, John, LL. D. [Editor]",en,https://www.gutenberg.org/cache/epub/26337/pg26337.txt,/home/husam/Desktop/YTU-YL/veri sıkıştırma/data-comp-project/data/processed/books/26337.txt,accepted,
26399,Fairy Prince and Other Stories,"Abbott, Eleanor Hallowell, 1872-1958",en,https://www.gutenberg.org/cache/epub/26399/pg26399.txt,/home/husam/Desktop/YTU-YL/veri sıkıştırma/data-comp-project/data/processed/books/26399.txt,accepted,
26446,"The Trial and Execution, for Petit Treason, of Mark and Phillis, Slaves of Capt. John Codman Who Murdered Their Master at Charlestown, Mass., in 1755; for Which the Man Was Hanged and Gibbeted, and the Woman Was Burned to Death. Including, Also, Some Account of Other Punishments by Burning in Massachusetts","Goodell, Abner Cheney, 1831-1914",en,https://www.gutenberg.org/cache/epub/26446/pg26446.txt,/home/husam/Desktop/YTU-YL/veri sıkıştırma/data-comp-project/data/processed/books/26446.txt,accepted,
26540,"Boy Scouts in the Canal Zone; Or, The Plot Against Uncle Sam","Ralphson, G. Harvey (George Harvey), 1879-1940",en,https://www.gutenberg.org/cache/epub/26540/pg26540.txt,/home/husam/Desktop/YTU-YL/veri sıkıştırma/data-comp-project/data/processed/books/26540.txt,accepted,
26725,Two Little Confederates,"Page, Thomas Nelson, 1853-1922",en,https://www.gutenberg.org/cache/epub/26725/pg26725.txt,/home/husam/Desktop/YTU-YL/veri sıkıştırma/data-comp-project/data/processed/books/26725.txt,accepted,
26745,"Travels in Peru, on the Coast, in the Sierra, Across the Cordilleras and the Andes, into the Primeval Forests","Tschudi, Johann Jakob von, 1818-1889; Ross, Thomasina [Translator]",en,https://www.gutenberg.org/cache/epub/26745/pg26745.txt,/home/husam/Desktop/YTU-YL/veri sıkıştırma/data-comp-project/data/processed/books/26745.txt,accepted,
26794,"The American Missionary — Volume 49, No. 02, February, 1895",Various,en,https://www.gutenberg.org/cache/epub/26794/pg26794.txt,/home/husam/Desktop/YTU-YL/veri sıkıştırma/data-comp-project/data/processed/books/26794.txt,accepted,
26835,Where the Souls of Men are Calling,"Harris, Credo Fitch, 1874-1956; Neill, John R. (John Rea), 1877-1943 [Illustrator]",en,https://www.gutenberg.org/cache/epub/26835/pg26835.txt,/home/husam/Desktop/YTU-YL/veri sıkıştırma/data-comp-project/data/processed/books/26835.txt,accepted,
26933,Visions and Revisions: A Book of Literary Devotions,"Powys, John Cowper, 1872-1963",en,https://www.gutenberg.org/cache/epub/26933/pg26933.txt,/home/husam/Desktop/YTU-YL/veri sıkıştırma/data-comp-project/data/processed/books/26933.txt,accepted,
27063,The Hero,"Maugham, W. Somerset (William Somerset), 1874-1965",en,https://www.gutenberg.org/cache/epub/27063/pg27063.txt,/home/husam/Desktop/YTU-YL/veri sıkıştırma/data-comp-project/data/processed/books/27063.txt,accepted,
27226,An Essay on the Antient and Modern State of Ireland,"Brooke, Henry, 1703?-1783",en,https://www.gutenberg.org/cache/epub/27226/pg27226.txt,/home/husam/Desktop/YTU-YL/veri sıkıştırma/data-comp-project/data/processed/books/27226.txt,accepted,
27286,"Gas and Oil Engines, Simply Explained An Elementary Instruction Book for Amateurs and Engine Attendants","Runciman, Walter C.",en,https://www.gutenberg.org/cache/epub/27286/pg27286.txt,/home/husam/Desktop/YTU-YL/veri sıkıştırma/data-comp-project/data/processed/books/27286.txt,accepted,
27322,An Appeal to the British Nation on the Humanity and Policy of Forming a National Institution for the Preservation of Lives and Property from Shipwreck (1825),"Hillary, William, Sir, 1771-1847",en,https://www.gutenberg.org/cache/epub/27322/pg27322.txt,/home/husam/Desktop/YTU-YL/veri sıkıştırma/data-comp-project/data/processed/books/27322.txt,accepted,
27367,The Art of Stage Dancing The Story of a Beautiful and Profitable Profession,"Wayburn, Ned, 1874-1942",en,https://www.gutenberg.org/cache/epub/27367/pg27367.txt,/home/husam/Desktop/YTU-YL/veri sıkıştırma/data-comp-project/data/processed/books/27367.txt,accepted,
27456,The Mouse's Wedding,"Unknown; Thompson, David, 1835- [Unknown role]",en,https://www.gutenberg.org/cache/epub/27456/pg27456.txt,/home/husam/Desktop/YTU-YL/veri sıkıştırma/data-comp-project/data/processed/books/27456.txt,accepted,
27504,Lorimer of the Northwest,"Bindloss, Harold, 1866-1945; Dewey, Alfred James, 1874-1958 [Illustrator]",en,https://www.gutenberg.org/cache/epub/27504/pg27504.txt,/home/husam/Desktop/YTU-YL/veri sıkıştırma/data-comp-project/data/processed/books/27504.txt,accepted,
27611,"Blackwood's Edinburgh Magazine, Volume 62, Number 361, November, 1845.",Various,en,https://www.gutenberg.org/cache/epub/27611/pg27611.txt,/home/husam/Desktop/YTU-YL/veri sıkıştırma/data-comp-project/data/processed/books/27611.txt,accepted,
27698,"Principles of Political Economy, Vol. 1","Roscher, Wilhelm, 1817-1894; Wolowski, L. (Louis), 1810-1876 [Contributor]; Lalor, John J. (John Joseph), -1899 [Translator]",en,https://www.gutenberg.org/cache/epub/27698/pg27698.txt,/home/husam/Desktop/YTU-YL/veri sıkıştırma/data-comp-project/data/processed/books/27698.txt,accepted,
27703,"Buchanan's Journal of Man, September 1887 Volume 1, Number 8","Buchanan, Joseph R. (Joseph Rodes), 1814-1899 [Editor]",en,https://www.gutenberg.org/cache/epub/27703/pg27703.txt,/home/husam/Desktop/YTU-YL/veri sıkıştırma/data-comp-project/data/processed/books/27703.txt,accepted,
27957,Plain Facts,"Bauman, G. A.",en,https://www.gutenberg.org/cache/epub/27957/pg27957.txt,/home/husam/Desktop/YTU-YL/veri sıkıştırma/data-comp-project/data/processed/books/27957.txt,accepted,
28050,"Women As Sex Vendors Or, Why Women Are Conservative (Being a View of the Economic Status of Woman)","Tobias, R. B. (Roscoe Burdette), 1880-; Marcy, Mary, 1877-1922",en,https://www.gutenberg.org/cache/epub/28050/pg28050.txt,/home/husam/Desktop/YTU-YL/veri sıkıştırma/data-comp-project/data/processed/books/28050.txt,accepted,
28197,"The Trial of Reuben Crandall, M.D. Charged with Publishing and Circulating Seditious and Incendiary Papers, &c. in the District of Columbia, with the Intent of Exciting Servile Insurrection. Carefully Reported, and Compiled from the Written Statements of the Court and the Counsel.",Unknown,en,https://www.gutenberg.org/cache/epub/28197/pg28197.txt,/home/husam/Desktop/YTU-YL/veri sıkıştırma/data-comp-project/data/processed/books/28197.txt,accepted,
28472,Patrician and Plebeian Or The Origin and Development of the Social Classes of the Old Dominion,"Wertenbaker, Thomas Jefferson, 1879-1966",en,https://www.gutenberg.org/cache/epub/28472/pg28472.txt,/home/husam/Desktop/YTU-YL/veri sıkıştırma/data-comp-project/data/processed/books/28472.txt,accepted,
28521,The Power of Mesmerism A Highly Erotic Narrative of Voluptuous Facts and Fancies,Anonymous,en,https://www.gutenberg.org/cache/epub/28521/pg28521.txt,/home/husam/Desktop/YTU-YL/veri sıkıştırma/data-comp-project/data/processed/books/28521.txt,accepted,
28547,The Words of Jesus,"Macduff, John R. (John Ross), 1818-1895",en,https://www.gutenberg.org/cache/epub/28547/pg28547.txt,/home/husam/Desktop/YTU-YL/veri sıkıştırma/data-comp-project/data/processed/books/28547.txt,accepted,
28647,Texas Week,"Hernhuter, Albert, 1934-",en,https://www.gutenberg.org/cache/epub/28647/pg28647.txt,/home/husam/Desktop/YTU-YL/veri sıkıştırma/data-comp-project/data/processed/books/28647.txt,accepted,
28693,Tales of the Fish Patrol,"London, Jack, 1876-1916; Varian, George, 1865-1923 [Illustrator]",en,https://www.gutenberg.org/cache/epub/28693/pg28693.txt,/home/husam/Desktop/YTU-YL/veri sıkıştırma/data-comp-project/data/processed/books/28693.txt,accepted,
28885,Alice's Adventures in Wonderland Illustrated by Arthur Rackham. With a Proem by Austin Dobson,"Carroll, Lewis, 1832-1898; Dobson, Austin, 1840-1921 [Contributor]; Rackham, Arthur, 1867-1939 [Illustrator]",en,https://www.gutenberg.org/cache/epub/28885/pg28885.txt,/home/husam/Desktop/YTU-YL/veri sıkıştırma/data-comp-project/data/processed/books/28885.txt,accepted,
28959,The Illustrated Works of Gordon Home: A Linked Index to the Project Gutenberg Editions,"Home, Gordon, 1878-1969; Widger, David, 1932-2021? [Editor]",en,https://www.gutenberg.org/cache/epub/28959/pg28959.txt,/home/husam/Desktop/YTU-YL/veri sıkıştırma/data-comp-project/data/processed/books/28959.txt,accepted,
29047,"Captain Brand of the ""Centipede"" A Pirate of Eminence in the West Indies: His Love and Exploits, Together with Some Account of the Singular Manner by Which He Departed This Life","Wise, H. A. (Henry Augustus), 1819-1869",en,https://www.gutenberg.org/cache/epub/29047/pg29047.txt,/home/husam/Desktop/YTU-YL/veri sıkıştırma/data-comp-project/data/processed/books/29047.txt,accepted,
29249,"Harper's Young People, 1880 Index An Illustrated Weekly",Various,en,https://www.gutenberg.org/cache/epub/29249/pg29249.txt,/home/husam/Desktop/YTU-YL/veri sıkıştırma/data-comp-project/data/processed/books/29249.txt,accepted,
29340,"The Story of the Great War, Volume 4 Champagne, Artois, Grodno; Fall of Nish; Caucasus; Mesopotamia; Development of Air Strategy; United States and the War","Reynolds, Francis J. (Francis Joseph), 1867-1937 [Editor]; Churchill, Allen L. (Allen Leon), 1873-1940 [Editor]; Miller, Francis Trevelyan, 1877-1959 [Editor]",en,https://www.gutenberg.org/cache/epub/29340/pg29340.txt,/home/husam/Desktop/YTU-YL/veri sıkıştırma/data-comp-project/data/processed/books/29340.txt,accepted,
29559,They Twinkled Like Jewels,"Farmer, Philip José, 1918-2009",en,https://www.gutenberg.org/cache/epub/29559/pg29559.txt,/home/husam/Desktop/YTU-YL/veri sıkıştırma/data-comp-project/data/processed/books/29559.txt,accepted,
29587,The Loom of Life,"Noe, Cotton, 1864-1953",en,https://www.gutenberg.org/cache/epub/29587/pg29587.txt,/home/husam/Desktop/YTU-YL/veri sıkıştırma/data-comp-project/data/processed/books/29587.txt,accepted,
29664,"Notes and Queries, Number 218, December 31, 1853 A Medium of Inter-communication for Literary Men, Artists, Antiquaries, Genealogists, etc.","Various; Bell, George, 1814-1890 [Editor]",en,https://www.gutenberg.org/cache/epub/29664/pg29664.txt,/home/husam/Desktop/YTU-YL/veri sıkıştırma/data-comp-project/data/processed/books/29664.txt,accepted,
29759,Architecture: Classic and Early Christian,"Smith, T. Roger (Thomas Roger), 1830-1903; Slater, John, 1847-1924",en,https://www.gutenberg.org/cache/epub/29759/pg29759.txt,/home/husam/Desktop/YTU-YL/veri sıkıştırma/data-comp-project/data/processed/books/29759.txt,accepted,
29794,"Tree, Spare that Woodman","Dryfoos, Dave, 1915-2003",en,https://www.gutenberg.org/cache/epub/29794/pg29794.txt,/home/husam/Desktop/YTU-YL/veri sıkıştırma/data-comp-project/data/processed/books/29794.txt,accepted,
29815,The Declaration of the Rights of Man and of Citizens,"Jellinek, Georg, 1851-1911; Farrand, Max, 1869-1945 [Translator]",en,https://www.gutenberg.org/cache/epub/29815/pg29815.txt,/home/husam/Desktop/YTU-YL/veri sıkıştırma/data-comp-project/data/processed/books/29815.txt,accepted,
30180,Perugino,"Brinton, Selwyn, 1859-1940",en,https://www.gutenberg.org/cache/epub/30180/pg30180.txt,/home/husam/Desktop/YTU-YL/veri sıkıştırma/data-comp-project/data/processed/books/30180.txt,accepted,
30203,Flowers of Freethought (Second Series),"Foote, G. W. (George William), 1850-1915",en,https://www.gutenberg.org/cache/epub/30203/pg30203.txt,/home/husam/Desktop/YTU-YL/veri sıkıştırma/data-comp-project/data/processed/books/30203.txt,accepted,
30227,Eighteenth Century Essays on Shakespeare,"Smith, David Nichol, 1875-1962",en,https://www.gutenberg.org/cache/epub/30227/pg30227.txt,/home/husam/Desktop/YTU-YL/veri sıkıştırma/data-comp-project/data/processed/books/30227.txt,accepted,
30274,The History of Sandford and Merton,"Day, Thomas, 1748-1789",en,https://www.gutenberg.org/cache/epub/30274/pg30274.txt,/home/husam/Desktop/YTU-YL/veri sıkıştırma/data-comp-project/data/processed/books/30274.txt,accepted,
30529,A Stake in the Land,"Speek, Peter A. (Peter Alexander), 1873-",en,https://www.gutenberg.org/cache/epub/30529/pg30529.txt,/home/husam/Desktop/YTU-YL/veri sıkıştırma/data-comp-project/data/processed/books/30529.txt,accepted,
30567,The Bondboy,"Ogden, George W. (George Washington), 1871-1966",en,https://www.gutenberg.org/cache/epub/30567/pg30567.txt,/home/husam/Desktop/YTU-YL/veri sıkıştırma/data-comp-project/data/processed/books/30567.txt,accepted,
30963,A Knyght Ther Was,"Young, Robert F., 1915-1986; Summers, Leo, 1925-1985 [Illustrator]",en,https://www.gutenberg.org/cache/epub/30963/pg30963.txt,/home/husam/Desktop/YTU-YL/veri sıkıştırma/data-comp-project/data/processed/books/30963.txt,accepted,
31003,The History and Antiquities of Horsham,"Dudley, Howard, 1820-1864",en,https://www.gutenberg.org/cache/epub/31003/pg31003.txt,/home/husam/Desktop/YTU-YL/veri sıkıştırma/data-comp-project/data/processed/books/31003.txt,accepted,
31012,"The Works of Robert Louis Stevenson - Swanston Edition, Vol. 17","Stevenson, Robert Louis, 1850-1894; Lang, Andrew, 1844-1912 [Other]",en,https://www.gutenberg.org/cache/epub/31012/pg31012.txt,/home/husam/Desktop/YTU-YL/veri sıkıştırma/data-comp-project/data/processed/books/31012.txt,accepted,
31016,Catalogue of the Books Presented by Edward Capell to the Library of Trinity College in Cambridge,"Greg, W. W. (Walter Wilson), 1875-1959 [Compiler]",en,https://www.gutenberg.org/cache/epub/31016/pg31016.txt,/home/husam/Desktop/YTU-YL/veri sıkıştırma/data-comp-project/data/processed/books/31016.txt,accepted,
31017,"Ivory, Apes and Peacocks","Huneker, James, 1857-1921",en,https://www.gutenberg.org/cache/epub/31017/pg31017.txt,/home/husam/Desktop/YTU-YL/veri sıkıştırma/data-comp-project/data/processed/books/31017.txt,accepted,
31040,"The Pigmy Woodrat, Neotoma goldmani, Its Distribution and Systematic Position","Rainey, Dennis G.; Baker, Rollin H. (Rollin Harold), 1916-2007",en,https://www.gutenberg.org/cache/epub/31040/pg31040.txt,/home/husam/Desktop/YTU-YL/veri sıkıştırma/data-comp-project/data/processed/books/31040.txt,accepted,
31085,"The Galaxy, Volume 23, No. 2, February, 1877",Various,en,https://www.gutenberg.org/cache/epub/31085/pg31085.txt,/home/husam/Desktop/YTU-YL/veri sıkıştırma/data-comp-project/data/processed/books/31085.txt,accepted,
31099,'Jena' or 'Sedan'?,"Beyerlein, Franz Adam, 1871-1949",en,https://www.gutenberg.org/cache/epub/31099/pg31099.txt,/home/husam/Desktop/YTU-YL/veri sıkıştırma/data-comp-project/data/processed/books/31099.txt,accepted,
31119,"Punch, or the London Charivari, Vol. 158, June 9, 1920","Various; Seaman, Owen, 1861-1936 [Editor]",en,https://www.gutenberg.org/cache/epub/31119/pg31119.txt,/home/husam/Desktop/YTU-YL/veri sıkıştırma/data-comp-project/data/processed/books/31119.txt,accepted,
31221,The Genera of Phyllomedusine Frogs (Anura: Hylidae),"Duellman, William Edward, 1930-2022",en,https://www.gutenberg.org/cache/epub/31221/pg31221.txt,/home/husam/Desktop/YTU-YL/veri sıkıştırma/data-comp-project/data/processed/books/31221.txt,accepted,
31290,"Right on the Scaffold, or The Martyrs of 1822 The American Negro Academy. Occasional Papers No. 7","Grimké, Archibald Henry, 1849-1930",en,https://www.gutenberg.org/cache/epub/31290/pg31290.txt,/home/husam/Desktop/YTU-YL/veri sıkıştırma/data-comp-project/data/processed/books/31290.txt,accepted,
31328,"The Early Negro Convention Movement The American Negro Academy, Occasional Papers No. 9","Cromwell, John Wesley, 1846-1927",en,https://www.gutenberg.org/cache/epub/31328/pg31328.txt,/home/husam/Desktop/YTU-YL/veri sıkıştırma/data-comp-project/data/processed/books/31328.txt,accepted,
31397,"The Earl of Essex: A Tragedy, in Five Acts","Jones, Henry, 1721-1770; Inchbald, Mrs., 1753-1821 [Commentator]",en,https://www.gutenberg.org/cache/epub/31397/pg31397.txt,/home/husam/Desktop/YTU-YL/veri sıkıştırma/data-comp-project/data/processed/books/31397.txt,accepted,
31477,Point Spread Poems,"Brown, Paul Cameron, 1948-",en,https://www.gutenberg.org/cache/epub/31477/pg31477.txt,/home/husam/Desktop/YTU-YL/veri sıkıştırma/data-comp-project/data/processed/books/31477.txt,accepted,
31506,The Sweet Girl Graduates: A Farce in Three Acts and an Epilogue,"Woodman, H. Rea (Hannah Rea), 1870-",en,https://www.gutenberg.org/cache/epub/31506/pg31506.txt,/home/husam/Desktop/YTU-YL/veri sıkıştırma/data-comp-project/data/processed/books/31506.txt,accepted,
31813,Checkers: A Hard-luck Story,"Blossom, Henry, 1866-1919",en,https://www.gutenberg.org/cache/epub/31813/pg31813.txt,/home/husam/Desktop/YTU-YL/veri sıkıştırma/data-comp-project/data/processed/books/31813.txt,accepted,
31866,Hansford: A Tale of Bacon's Rebellion,"Tucker, St. George, 1828-1862",en,https://www.gutenberg.org/cache/epub/31866/pg31866.txt,/home/husam/Desktop/YTU-YL/veri sıkıştırma/data-comp-project/data/processed/books/31866.txt,accepted,
31907,"Ancient Pottery of the Mississippi Valley Fourth Annual Report of the Bureau of Ethnology to the Secretary of the Smithsonian Institution, 1882-83, Government Printing Office, Washington, 1886, pages 361-436","Holmes, William Henry, 1846-1933",en,https://www.gutenberg.org/cache/epub/31907/pg31907.txt,/home/husam/Desktop/YTU-YL/veri sıkıştırma/data-comp-project/data/processed/books/31907.txt,accepted,
31940,Artists Past and Present; Random Studies,"Cary, Elisabeth Luther, 1867-1936",en,https://www.gutenberg.org/cache/epub/31940/pg31940.txt,/home/husam/Desktop/YTU-YL/veri sıkıştırma/data-comp-project/data/processed/books/31940.txt,accepted,
32209,Assignment's End,"Aycock, Roger D., 1914-2004; Docktor, Irv, 1918-2008 [Illustrator]",en,https://www.gutenberg.org/cache/epub/32209/pg32209.txt,/home/husam/Desktop/YTU-YL/veri sıkıştırma/data-comp-project/data/processed/books/32209.txt,accepted,
32335,The Old Soldier's Story: Poems and Prose Sketches,"Riley, James Whitcomb, 1849-1916",en,https://www.gutenberg.org/cache/epub/32335/pg32335.txt,/home/husam/Desktop/YTU-YL/veri sıkıştırma/data-comp-project/data/processed/books/32335.txt,accepted,
32345,The Animated Pinup,"Parker, Lewis",en,https://www.gutenberg.org/cache/epub/32345/pg32345.txt,/home/husam/Desktop/YTU-YL/veri sıkıştırma/data-comp-project/data/processed/books/32345.txt,accepted,
32543,The White Chief of the Caffres,"Drayson, Alfred W. (Alfred Wilks), 1827-1901",en,https://www.gutenberg.org/cache/epub/32543/pg32543.txt,/home/husam/Desktop/YTU-YL/veri sıkıştırma/data-comp-project/data/processed/books/32543.txt,accepted,
32579,Micro-Man,"Ackerman, Forrest J., 1916-2008",en,https://www.gutenberg.org/cache/epub/32579/pg32579.txt,/home/husam/Desktop/YTU-YL/veri sıkıştırma/data-comp-project/data/processed/books/32579.txt,accepted,
32609,The Children of the Poor,"Riis, Jacob A. (Jacob August), 1849-1914",en,https://www.gutenberg.org/cache/epub/32609/pg32609.txt,/home/husam/Desktop/YTU-YL/veri sıkıştırma/data-comp-project/data/processed/books/32609.txt,accepted,
32626,Thomas Carlyle,"Macpherson, Hector, 1851-1924",en,https://www.gutenberg.org/cache/epub/32626/pg32626.txt,/home/husam/Desktop/YTU-YL/veri sıkıştırma/data-comp-project/data/processed/books/32626.txt,accepted,
32628,The Child's Book of American Biography,"Stimpson, Mary Stoyell; Merrill, Frank T., 1848-1923 [Illustrator]",en,https://www.gutenberg.org/cache/epub/32628/pg32628.txt,/home/husam/Desktop/YTU-YL/veri sıkıştırma/data-comp-project/data/processed/books/32628.txt,accepted,
32727,Women of Modern France (Illustrated) Woman: In all ages and in all countries Vol. 7 (of 10),"Thieme, Hugo P. (Hugo Paul), 1870-1940",en,https://www.gutenberg.org/cache/epub/32727/pg32727.txt,/home/husam/Desktop/YTU-YL/veri sıkıştırma/data-comp-project/data/processed/books/32727.txt,accepted,
32736,The Bible Story,"Hall, Newton Marshall, 1865-1926; Wood, Irving Francis, 1861-1934",en,https://www.gutenberg.org/cache/epub/32736/pg32736.txt,/home/husam/Desktop/YTU-YL/veri sıkıştırma/data-comp-project/data/processed/books/32736.txt,accepted,
32837,Check and Checkmate,"Miller, Walter M., 1923-1996; Beecham, Tom, 1926-2000 [Illustrator]",en,https://www.gutenberg.org/cache/epub/32837/pg32837.txt,/home/husam/Desktop/YTU-YL/veri sıkıştırma/data-comp-project/data/processed/books/32837.txt,accepted,
32855,"Natural History of the Bell Vireo, Vireo bellii Audubon","Barlow, Jon C.",en,https://www.gutenberg.org/cache/epub/32855/pg32855.txt,/home/husam/Desktop/YTU-YL/veri sıkıştırma/data-comp-project/data/processed/books/32855.txt,accepted,
32937,"Women in All Ages and in All Countries, v 1-10: An Index","Lévesque, Rénald [Editor]",en,https://www.gutenberg.org/cache/epub/32937/pg32937.txt,/home/husam/Desktop/YTU-YL/veri sıkıştırma/data-comp-project/data/processed/books/32937.txt,accepted,
32977,From Sea to Sea; Letters of Travel,"Kipling, Rudyard, 1865-1936",en,https://www.gutenberg.org/cache/epub/32977/pg32977.txt,/home/husam/Desktop/YTU-YL/veri sıkıştırma/data-comp-project/data/processed/books/32977.txt,accepted,
33111,"The origin of the family, private property, and the state","Engels, Friedrich, 1820-1895; Untermann, Gerhard Ernest, 1864-1956 [Translator]",en,https://www.gutenberg.org/cache/epub/33111/pg33111.txt,/home/husam/Desktop/YTU-YL/veri sıkıştırma/data-comp-project/data/processed/books/33111.txt,accepted,
33133,Klytia: A Story of Heidelberg Castle,"Hausrath, Adolf, 1837-1909; Corkran, Sutton Fraser [Translator]",en,https://www.gutenberg.org/cache/epub/33133/pg33133.txt,/home/husam/Desktop/YTU-YL/veri sıkıştırma/data-comp-project/data/processed/books/33133.txt,accepted,
33135,"Harper's Round Table, September 10, 1895",Various,en,https://www.gutenberg.org/cache/epub/33135/pg33135.txt,/home/husam/Desktop/YTU-YL/veri sıkıştırma/data-comp-project/data/processed/books/33135.txt,accepted,
33181,"Harper's Round Table, October 29, 1895",Various,en,https://www.gutenberg.org/cache/epub/33181/pg33181.txt,/home/husam/Desktop/YTU-YL/veri sıkıştırma/data-comp-project/data/processed/books/33181.txt,accepted,
33222,The Irish at the Front,"MacDonagh, Michael, 1862-1946",en,https://www.gutenberg.org/cache/epub/33222/pg33222.txt,/home/husam/Desktop/YTU-YL/veri sıkıştırma/data-comp-project/data/processed/books/33222.txt,accepted,
33287,"Hints on the use and handling of firearms generally, and the revolver in particular","Curling, H. Onslow (Henry Onslow), 1833?-1888",en,https://www.gutenberg.org/cache/epub/33287/pg33287.txt,/home/husam/Desktop/YTU-YL/veri sıkıştırma/data-comp-project/data/processed/books/33287.txt,accepted,
33503,The Sweating Sickness A boke or counseill against the disease commonly called the sweate or sweatyng sicknesse,"Caius, John, 1510-1573; Roberts, E. S. (Ernest Stewart), 1847-1912 [Editor]",en,https://www.gutenberg.org/cache/epub/33503/pg33503.txt,/home/husam/Desktop/YTU-YL/veri sıkıştırma/data-comp-project/data/processed/books/33503.txt,accepted,
33549,Underground Man,"Tarde, Gabriel de, 1843-1904; Wells, H. G. (Herbert George), 1866-1946 [Author of introduction, etc.]; Brereton, Cloudesley, 1863-1937 [Translator]",en,https://www.gutenberg.org/cache/epub/33549/pg33549.txt,/home/husam/Desktop/YTU-YL/veri sıkıştırma/data-comp-project/data/processed/books/33549.txt,accepted,
33599,A Rose of a Hundred Leaves: A Love Story,"Barr, Amelia E., 1831-1919",en,https://www.gutenberg.org/cache/epub/33599/pg33599.txt,/home/husam/Desktop/YTU-YL/veri sıkıştırma/data-comp-project/data/processed/books/33599.txt,accepted,
33763,The Call of the Town: A Tale of Literary Life,"Hammerton, J. A. (John Alexander), 1871-1949",en,https://www.gutenberg.org/cache/epub/33763/pg33763.txt,/home/husam/Desktop/YTU-YL/veri sıkıştırma/data-comp-project/data/processed/books/33763.txt,accepted,
33800,"The Mysteries of Paris, illustrated with etchings, Vol. 1","Sue, Eugène, 1804-1857",en,https://www.gutenberg.org/cache/epub/33800/pg33800.txt,/home/husam/Desktop/YTU-YL/veri sıkıştırma/data-comp-project/data/processed/books/33800.txt,accepted,
33880,The Land of Lost Toys,"Ewing, Juliana Horatia, 1841-1885",en,https://www.gutenberg.org/cache/epub/33880/pg33880.txt,/home/husam/Desktop/YTU-YL/veri sıkıştırma/data-comp-project/data/processed/books/33880.txt,accepted,
34138,Lady Maude's Mania,"Fenn, George Manville, 1831-1909",en,https://www.gutenberg.org/cache/epub/34138/pg34138.txt,/home/husam/Desktop/YTU-YL/veri sıkıştırma/data-comp-project/data/processed/books/34138.txt,accepted,
34152,"Wilson's Tales of the Borders and of Scotland, Volume 15","Wilson, John Mackay, 1804-1835 [Compiler]; Leighton, Alexander, 1800-1874 [Editor]",en,https://www.gutenberg.org/cache/epub/34152/pg34152.txt,/home/husam/Desktop/YTU-YL/veri sıkıştırma/data-comp-project/data/processed/books/34152.txt,accepted,
34176,"Proverb Lore Many sayings, wise or otherwise, on many subjects, gleaned from many sources","Hulme, F. Edward (Frederick Edward), 1841-1909",en,https://www.gutenberg.org/cache/epub/34176/pg34176.txt,/home/husam/Desktop/YTU-YL/veri sıkıştırma/data-comp-project/data/processed/books/34176.txt,accepted,
34224,"Library of the World's Best Literature, Ancient and Modern — Volume 09","Warner, Charles Dudley, 1829-1900 [Editor]; Mabie, Hamilton Wright, 1846-1916 [Editor]; Runkle, Lucia Gilbert (Lucia Isabella Gilbert), 1844-1922 [Editor]; Warner, George H., 1833-1919 [Editor]",en,https://www.gutenberg.org/cache/epub/34224/pg34224.txt,/home/husam/Desktop/YTU-YL/veri sıkıştırma/data-comp-project/data/processed/books/34224.txt,accepted,
34250,Victor Ollnee's Discipline,"Garland, Hamlin, 1860-1940",en,https://www.gutenberg.org/cache/epub/34250/pg34250.txt,/home/husam/Desktop/YTU-YL/veri sıkıştırma/data-comp-project/data/processed/books/34250.txt,accepted,
34345,Pride: One of the Seven Cardinal Sins,"Sue, Eugène, 1804-1857; Marcel, Adrian [Illustrator]",en,https://www.gutenberg.org/cache/epub/34345/pg34345.txt,/home/husam/Desktop/YTU-YL/veri sıkıştırma/data-comp-project/data/processed/books/34345.txt,accepted,
34373,The Priestly Vocation A Series of Fourteen Conferences Addressed to the Secular Clergy,"Ward, Bernard, 1857-1920",en,https://www.gutenberg.org/cache/epub/34373/pg34373.txt,/home/husam/Desktop/YTU-YL/veri sıkıştırma/data-comp-project/data/processed/books/34373.txt,accepted,
34377,The Preaching Tours and Missionary Labours of George Müller (of Bristol),"Müller, Susannah Grace Sanger",en,https://www.gutenberg.org/cache/epub/34377/pg34377.txt,/home/husam/Desktop/YTU-YL/veri sıkıştırma/data-comp-project/data/processed/books/34377.txt,accepted,
34399,The Westerners,"White, Stewart Edward, 1873-1946",en,https://www.gutenberg.org/cache/epub/34399/pg34399.txt,/home/husam/Desktop/YTU-YL/veri sıkıştırma/data-comp-project/data/processed/books/34399.txt,accepted,
34433,R. Caldecott's Picture Book (No. 2) The Three Jovial Huntsmen—Sing a Song for Sixpence—The Queen of Hearts—The Farmer's Boy,"Caldecott, Randolph, 1846-1886",en,https://www.gutenberg.org/cache/epub/34433/pg34433.txt,/home/husam/Desktop/YTU-YL/veri sıkıştırma/data-comp-project/data/processed/books/34433.txt,accepted,
34464,Sinn Fein: An Illumination,"O'Hegarty, P. S. (Patrick Sarsfield), 1879-1955",en,https://www.gutenberg.org/cache/epub/34464/pg34464.txt,/home/husam/Desktop/YTU-YL/veri sıkıştırma/data-comp-project/data/processed/books/34464.txt,accepted,
34473,Robert E. Lee: A Story and a Play,"Hill, Ruth",en,https://www.gutenberg.org/cache/epub/34473/pg34473.txt,/home/husam/Desktop/YTU-YL/veri sıkıştırma/data-comp-project/data/processed/books/34473.txt,accepted,
34503,"The Green Book; Or, Freedom Under the Snow: A Novel","Jókai, Mór, 1825-1904; Waugh, Ellen [Translator]",en,https://www.gutenberg.org/cache/epub/34503/pg34503.txt,/home/husam/Desktop/YTU-YL/veri sıkıştırma/data-comp-project/data/processed/books/34503.txt,accepted,
34634,A Narrative of the Death of Captain James Cook,"Samwell, David, 1751-1798; Cartwright, Bruce, 1882-1939 [Editor]",en,https://www.gutenberg.org/cache/epub/34634/pg34634.txt,/home/husam/Desktop/YTU-YL/veri sıkıştırma/data-comp-project/data/processed/books/34634.txt,accepted,
34781,An Australian Bird Book: A Pocket Book for Field Use,"Leach, John Albert, 1870-1929; Tate, Frank, 1864-1939 [Author of introduction, etc.]",en,https://www.gutenberg.org/cache/epub/34781/pg34781.txt,/home/husam/Desktop/YTU-YL/veri sıkıştırma/data-comp-project/data/processed/books/34781.txt,accepted,
34860,East of Suez: A Play in Seven Scenes,"Maugham, W. Somerset (William Somerset), 1874-1965",en,https://www.gutenberg.org/cache/epub/34860/pg34860.txt,/home/husam/Desktop/YTU-YL/veri sıkıştırma/data-comp-project/data/processed/books/34860.txt,accepted,
34922,"A History of Pendennis, Volume 1 His fortunes and misfortunes, his friends and his greatest enemy","Thackeray, William Makepeace, 1811-1863",en,https://www.gutenberg.org/cache/epub/34922/pg34922.txt,/home/husam/Desktop/YTU-YL/veri sıkıştırma/data-comp-project/data/processed/books/34922.txt,accepted,
34934,"£19,000","Delannoy, Burford, 1856-1931",en,https://www.gutenberg.org/cache/epub/34934/pg34934.txt,/home/husam/Desktop/YTU-YL/veri sıkıştırma/data-comp-project/data/processed/books/34934.txt,accepted,
35035,The Actress' Daughter: A Novel,"Fleming, May Agnes, 1840-1880",en,https://www.gutenberg.org/cache/epub/35035/pg35035.txt,/home/husam/Desktop/YTU-YL/veri sıkıştırma/data-comp-project/data/processed/books/35035.txt,accepted,
35042,Winter Fun,"Stoddard, William O., 1835-1925",en,https://www.gutenberg.org/cache/epub/35042/pg35042.txt,/home/husam/Desktop/YTU-YL/veri sıkıştırma/data-comp-project/data/processed/books/35042.txt,accepted,
35138,Literature for Children,"Lowe, Orton, 1873-",en,https://www.gutenberg.org/cache/epub/35138/pg35138.txt,/home/husam/Desktop/YTU-YL/veri sıkıştırma/data-comp-project/data/processed/books/35138.txt,accepted,
35156,"The South-West, by a Yankee. In Two Volumes. Volume 2","Ingraham, J. H. (Joseph Holt), 1809-1860",en,https://www.gutenberg.org/cache/epub/35156/pg35156.txt,/home/husam/Desktop/YTU-YL/veri sıkıştırma/data-comp-project/data/processed/books/35156.txt,accepted,
35417,The Super Race: An American Problem,"Nearing, Scott, 1883-1983",en,https://www.gutenberg.org/cache/epub/35417/pg35417.txt,/home/husam/Desktop/YTU-YL/veri sıkıştırma/data-comp-project/data/processed/books/35417.txt,accepted,
35430,"A Charming Fellow, Volume III","Trollope, Frances Eleanor, 1835-1913",en,https://www.gutenberg.org/cache/epub/35430/pg35430.txt,/home/husam/Desktop/YTU-YL/veri sıkıştırma/data-comp-project/data/processed/books/35430.txt,accepted,
35508,Benjamin Franklin,"Franklin, Benjamin, 1706-1790; Jorgenson, Chester E. (Chester Eugene), 1907- [Editor]; Mott, Frank Luther, 1886-1964 [Editor]",en,https://www.gutenberg.org/cache/epub/35508/pg35508.txt,/home/husam/Desktop/YTU-YL/veri sıkıştırma/data-comp-project/data/processed/books/35508.txt,accepted,
35524,Contemporary Belgian Poetry Selected and Translated by Jethro Bithell,"Bithell, Jethro, 1878-1962 [Editor]",en,https://www.gutenberg.org/cache/epub/35524/pg35524.txt,/home/husam/Desktop/YTU-YL/veri sıkıştırma/data-comp-project/data/processed/books/35524.txt,accepted,
35548,Doctor Cupid: A Novel,"Broughton, Rhoda, 1840-1920",en,https://www.gutenberg.org/cache/epub/35548/pg35548.txt,/home/husam/Desktop/YTU-YL/veri sıkıştırma/data-comp-project/data/processed/books/35548.txt,accepted,
35677,"Education in the Home, the Kindergarten, and the Primary School","Peabody, Elizabeth Palmer, 1804-1894; Manning, E. (Elizabeth) Adelaide, 1828-1905 [Author of introduction, etc.]",en,https://www.gutenberg.org/cache/epub/35677/pg35677.txt,/home/husam/Desktop/YTU-YL/veri sıkıştırma/data-comp-project/data/processed/books/35677.txt,accepted,
35682,Chapters of Bible Study A Popular Introduction to the Study of the Sacred Scriptures,"Heuser, Herman J. (Herman Joseph), 1851-1933",en,https://www.gutenberg.org/cache/epub/35682/pg35682.txt,/home/husam/Desktop/YTU-YL/veri sıkıştırma/data-comp-project/data/processed/books/35682.txt,accepted,
35818,Doors of the Night,"Packard, Frank L. (Frank Lucius), 1877-1942",en,https://www.gutenberg.org/cache/epub/35818/pg35818.txt,/home/husam/Desktop/YTU-YL/veri sıkıştırma/data-comp-project/data/processed/books/35818.txt,accepted,
35980,"From the Easy Chair, Volume 2","Curtis, George William, 1824-1892",en,https://www.gutenberg.org/cache/epub/35980/pg35980.txt,/home/husam/Desktop/YTU-YL/veri sıkıştırma/data-comp-project/data/processed/books/35980.txt,accepted,
35987,The Radio Boys' Search for the Inca's Treasure,"Breckenridge, Gerald, 1889?-1964",en,https://www.gutenberg.org/cache/epub/35987/pg35987.txt,/home/husam/Desktop/YTU-YL/veri sıkıştırma/data-comp-project/data/processed/books/35987.txt,accepted,
36012,"Prairie Smoke, a Collection of Lore of the Prairies","Gilmore, Melvin R. (Melvin Randolph), 1868-1940",en,https://www.gutenberg.org/cache/epub/36012/pg36012.txt,/home/husam/Desktop/YTU-YL/veri sıkıştırma/data-comp-project/data/processed/books/36012.txt,accepted,
36041,"Corse de Leon; or, The Brigand: A Romance. Volume 1 (of 2)","James, G. P. R. (George Payne Rainsford), 1801?-1860",en,https://www.gutenberg.org/cache/epub/36041/pg36041.txt,/home/husam/Desktop/YTU-YL/veri sıkıştırma/data-comp-project/data/processed/books/36041.txt,accepted,
36090,"From the Easy Chair, Volume 3","Curtis, George William, 1824-1892",en,https://www.gutenberg.org/cache/epub/36090/pg36090.txt,/home/husam/Desktop/YTU-YL/veri sıkıştırma/data-comp-project/data/processed/books/36090.txt,accepted,
36308,Songs From Alice in Wonderland and Through the Looking-Glass,"Broadwood, Lucy Etheldred, 1858-1929 [Composer]; Carroll, Lewis, 1832-1898; Folkard, Charles, 1878-1963 [Illustrator]",en,https://www.gutenberg.org/cache/epub/36308/pg36308.txt,/home/husam/Desktop/YTU-YL/veri sıkıştırma/data-comp-project/data/processed/books/36308.txt,accepted,
36535,Antonio Stradivari,"Petherick, Horace, 1839-1919",en,https://www.gutenberg.org/cache/epub/36535/pg36535.txt,/home/husam/Desktop/YTU-YL/veri sıkıştırma/data-comp-project/data/processed/books/36535.txt,accepted,
36578,"The Warden of the Plains, and Other Stories of Life in the Canadian North-west","MacLean, John, 1851-1928; Laughlin, J. E. [Illustrator]",en,https://www.gutenberg.org/cache/epub/36578/pg36578.txt,/home/husam/Desktop/YTU-YL/veri sıkıştırma/data-comp-project/data/processed/books/36578.txt,accepted,
36641,Women Novelists of Queen Victoria's Reign: A Book of Appreciations,"Oliphant, Mrs. (Margaret), 1828-1897; Alexander, Mrs., 1825-1902; Linton, E. Lynn (Elizabeth Lynn), 1822-1898; Lyall, Edna, 1857-1903; Macquoid, Katharine S. (Katharine Sarah), 1824-1917; Marshall, Emma, 1830-1899; Parr, Louisa, 1848?-1903; Sergeant, Adeline, 1851-1904; Yonge, Charlotte M. (Charlotte Mary), 1823-1901",en,https://www.gutenberg.org/cache/epub/36641/pg36641.txt,/home/husam/Desktop/YTU-YL/veri sıkıştırma/data-comp-project/data/processed/books/36641.txt,accepted,
36749,The Stronghold: A Story of Historic Northern Neck of Virginia and Its People,"Haynie, Miriam",en,https://www.gutenberg.org/cache/epub/36749/pg36749.txt,/home/husam/Desktop/YTU-YL/veri sıkıştırma/data-comp-project/data/processed/books/36749.txt,accepted,
36902,"A History of the Boundaries of Arlington County, Virginia","Arlington Co., Va. County Manager",en,https://www.gutenberg.org/cache/epub/36902/pg36902.txt,/home/husam/Desktop/YTU-YL/veri sıkıştırma/data-comp-project/data/processed/books/36902.txt,accepted,
36930,Murillo,"Bensusan, S. L. (Samuel Levy), 1872-1958",en,https://www.gutenberg.org/cache/epub/36930/pg36930.txt,/home/husam/Desktop/YTU-YL/veri sıkıştırma/data-comp-project/data/processed/books/36930.txt,accepted,
37013,The Pleasures of the Country: Simple Stories for Young People,"Myrtle, Harriet, 1811?-1876; Gilbert, John, 1817-1897 [Illustrator]",en,https://www.gutenberg.org/cache/epub/37013/pg37013.txt,/home/husam/Desktop/YTU-YL/veri sıkıştırma/data-comp-project/data/processed/books/37013.txt,accepted,
37041,Preservation of Bull Semen at Sub-Zero Temperatures,"VanDemark, N. L.; Friedman, M. E.; Kinney, W. C.; Miller, W. J.; Rodriguez, Carlos",en,https://www.gutenberg.org/cache/epub/37041/pg37041.txt,/home/husam/Desktop/YTU-YL/veri sıkıştırma/data-comp-project/data/processed/books/37041.txt,accepted,
37085,Outlook Odes,"Crosland, T. W. H. (Thomas William Hodgson), 1865-1924",en,https://www.gutenberg.org/cache/epub/37085/pg37085.txt,/home/husam/Desktop/YTU-YL/veri sıkıştırma/data-comp-project/data/processed/books/37085.txt,accepted,
37171,Lost Sir Massingberd: A Romance of Real Life. v. 2/2,"Payn, James, 1830-1898",en,https://www.gutenberg.org/cache/epub/37171/pg37171.txt,/home/husam/Desktop/YTU-YL/veri sıkıştırma/data-comp-project/data/processed/books/37171.txt,accepted,
37228,"Index to University of Kansas Publications, Museum of Natural History, Volume 1 1946-1950","University of Kansas; Farner, Donald S. (Donald Sankey), 1915-1988 [Editor]; Hall, E. Raymond (Eugene Raymond), 1902-1986 [Editor]; Hoffmeister, Donald Frederick, 1916- [Editor]; Lane, Henry Higgins, 1878-1965 [Editor]; Leonard, A. Byron (Arthur Byron), 1904- [Editor]; Taylor, Edward Harrison, 1889-1978 [Editor]; Wilson, Robert W. (Robert Warren), 1909-2006 [Editor]",en,https://www.gutenberg.org/cache/epub/37228/pg37228.txt,/home/husam/Desktop/YTU-YL/veri sıkıştırma/data-comp-project/data/processed/books/37228.txt,accepted,
37309,"Violins and Violin Makers Biographical Dictionary of the Great Italian Artistes, their Followers and Imitators, to the present time. With Essays on Important Subjects Connected with the Violin.","Pearce, Joseph",en,https://www.gutenberg.org/cache/epub/37309/pg37309.txt,/home/husam/Desktop/YTU-YL/veri sıkıştırma/data-comp-project/data/processed/books/37309.txt,accepted,
37353,Stories of Great Musicians,"Scobey, Kathrine Lois; Horne, Olive Brown",en,https://www.gutenberg.org/cache/epub/37353/pg37353.txt,/home/husam/Desktop/YTU-YL/veri sıkıştırma/data-comp-project/data/processed/books/37353.txt,accepted,
37394,Fifty Years of Golf,"Hutchinson, Horace G. (Horace Gordon), 1859-1932",en,https://www.gutenberg.org/cache/epub/37394/pg37394.txt,/home/husam/Desktop/YTU-YL/veri sıkıştırma/data-comp-project/data/processed/books/37394.txt,accepted,
37461,"Encyclopaedia Britannica, 11th Edition, ""Geodesy"" to ""Geometry"" Volume 11, Slice 6",Various,en,https://www.gutenberg.org/cache/epub/37461/pg37461.txt,/home/husam/Desktop/YTU-YL/veri sıkıştırma/data-comp-project/data/processed/books/37461.txt,accepted,
37565,"Psychical Miscellanea Being Papers on Psychical Research, Telepathy, Hypnotism, Christian Science, etc.","Hill, J. Arthur (John Arthur), 1872-1951",en,https://www.gutenberg.org/cache/epub/37565/pg37565.txt,/home/husam/Desktop/YTU-YL/veri sıkıştırma/data-comp-project/data/processed/books/37565.txt,accepted,
37613,Search-Light Letters,"Grant, Robert, 1852-1940",en,https://www.gutenberg.org/cache/epub/37613/pg37613.txt,/home/husam/Desktop/YTU-YL/veri sıkıştırma/data-comp-project/data/processed/books/37613.txt,accepted,
37649,"Love Letters of a Violinist, and Other Poems","Mackay, Eric, 1851-1898; Fagan, James, 1864- [Illustrator]",en,https://www.gutenberg.org/cache/epub/37649/pg37649.txt,/home/husam/Desktop/YTU-YL/veri sıkıştırma/data-comp-project/data/processed/books/37649.txt,accepted,
37800,Girl Scouts at Dandelion Camp,"Roy, Lillian Elizabeth, 1868-1932",en,https://www.gutenberg.org/cache/epub/37800/pg37800.txt,/home/husam/Desktop/YTU-YL/veri sıkıştırma/data-comp-project/data/processed/books/37800.txt,accepted,
37807,Mountain-Laurel and Maidenhair,"Alcott, Louisa May, 1832-1888",en,https://www.gutenberg.org/cache/epub/37807/pg37807.txt,/home/husam/Desktop/YTU-YL/veri sıkıştırma/data-comp-project/data/processed/books/37807.txt,accepted,
37838,The Story of Louie,"Onions, Oliver, 1873-1961",en,https://www.gutenberg.org/cache/epub/37838/pg37838.txt,/home/husam/Desktop/YTU-YL/veri sıkıştırma/data-comp-project/data/processed/books/37838.txt,accepted,
37841,"Human, All-Too-Human: A Book for Free Spirits, Part 2","Nietzsche, Friedrich Wilhelm, 1844-1900; Cohn, Paul V. (Paul Victor) [Translator]",en,https://www.gutenberg.org/cache/epub/37841/pg37841.txt,/home/husam/Desktop/YTU-YL/veri sıkıştırma/data-comp-project/data/processed/books/37841.txt,accepted,
37915,Notes on the Book of Genesis,"Mackintosh, Charles Henry, 1820-1896",en,https://www.gutenberg.org/cache/epub/37915/pg37915.txt,/home/husam/Desktop/YTU-YL/veri sıkıştırma/data-comp-project/data/processed/books/37915.txt,accepted,
38007,"Memoir of John Howe Peyton in sketches by his contemporaries, together with some of his public and private letters, etc., also a sketch of Ann M. Peyton","Peyton, J. Lewis (John Lewis), 1824-1896 [Compiler]",en,https://www.gutenberg.org/cache/epub/38007/pg38007.txt,/home/husam/Desktop/YTU-YL/veri sıkıştırma/data-comp-project/data/processed/books/38007.txt,accepted,
38035,The Letters of Henry James (Vol. II),"James, Henry, 1843-1916; Lubbock, Percy, 1879-1965 [Editor]",en,https://www.gutenberg.org/cache/epub/38035/pg38035.txt,/home/husam/Desktop/YTU-YL/veri sıkıştırma/data-comp-project/data/processed/books/38035.txt,accepted,
38087,The Boy Ranchers of Puget Sound,"Bindloss, Harold, 1866-1945",en,https://www.gutenberg.org/cache/epub/38087/pg38087.txt,/home/husam/Desktop/YTU-YL/veri sıkıştırma/data-comp-project/data/processed/books/38087.txt,accepted,
38280,Modern Essays,"Morley, Christopher, 1890-1957 [Editor]; Ayres, Harry Morgan, 1881-1948 [Contributor]; Beerbohm, Max, Sir, 1872-1956 [Contributor]; Belloc, Hilaire, 1870-1953 [Contributor]; Bone, David W. (David William), 1874-1959 [Contributor]; Brooke, Rupert, 1887-1915 [Contributor]; Broun, Heywood, 1888-1939 [Contributor]; Burke, Thomas, 1886-1945 [Contributor]; Cabell, James Branch, 1879-1958 [Contributor]; Conrad, Joseph, 1857-1924 [Contributor]; Dounce, Harry Esty, 1889-1947 [Contributor]; Firkins, Oscar W., 1864-1932 [Contributor]; Guedalla, Philip, 1889-1944 [Contributor]; Guiney, Louise Imogen, 1861-1920 [Contributor]; Herbert, A. P. (Alan Patrick), 1890-1971 [Contributor]; Holliday, Robert Cortes, 1880-1947 [Contributor]; Kilmer, Joyce, 1886-1918 [Contributor]; Leacock, Stephen, 1869-1944 [Contributor]; Macy, John Albert, 1877-1932 [Contributor]; Marquis, Don, 1878-1937 [Contributor]; McFee, William, 1881-1966 [Contributor]; Milne, A. A. (Alan Alexander), 1882-1956 [Contributor]; Osler, William, Sir, 1849-1919 [Contributor]; Russell, Bertrand, 1872-1970 [Contributor]; Saintsbury, George, 1845-1933 [Contributor]; Santayana, George, 1863-1952 [Contributor]; Sherman, Stuart Pratt, 1881-1926 [Contributor]; Smith, Logan Pearsall, 1865-1946 [Contributor]; Storm, Marian, 1892?-1975 [Contributor]; Strunsky, Simeon, 1879-1948 [Contributor]; Tomlinson, H. M. (Henry Major), 1873-1958 [Contributor]; Utter, Robert Palfrey, 1875-1936 [Contributor]; White, Stewart Edward, 1873-1946 [Contributor]; White, William Allen, 1868-1944 [Contributor]",en,https://www.gutenberg.org/cache/epub/38280/pg38280.txt,/home/husam/Desktop/YTU-YL/veri sıkıştırma/data-comp-project/data/processed/books/38280.txt,accepted,
38309,"A Texas Cow Boy or, fifteen years on the hurricane deck of a Spanish pony, taken from real life","Siringo, Charles A., 1855-1928",en,https://www.gutenberg.org/cache/epub/38309/pg38309.txt,/home/husam/Desktop/YTU-YL/veri sıkıştırma/data-comp-project/data/processed/books/38309.txt,accepted,
38468,The Nibelungenlied Revised Edition,"Lettsom, William Nanson, 1796-1865 [Translator]; Carpenter, William H. (William Henry), 1853-1936 [Author of introduction, etc.]",en,https://www.gutenberg.org/cache/epub/38468/pg38468.txt,/home/husam/Desktop/YTU-YL/veri sıkıştırma/data-comp-project/data/processed/books/38468.txt,accepted,
38490,And So They Were Married,"Kingsley, Florence Morse, 1859-1937; King, W. B. [Illustrator]",en,https://www.gutenberg.org/cache/epub/38490/pg38490.txt,/home/husam/Desktop/YTU-YL/veri sıkıştırma/data-comp-project/data/processed/books/38490.txt,accepted,
38513,"The Lives of the III. Normans, Kings of England: William the First, William the Second, Henrie the First","Hayward, John, Sir, 1564?-1627",en,https://www.gutenberg.org/cache/epub/38513/pg38513.txt,/home/husam/Desktop/YTU-YL/veri sıkıştırma/data-comp-project/data/processed/books/38513.txt,accepted,
38549,"The Complete Works of Richard Crashaw, Volume I","Crashaw, Richard, 1613?-1649; Grosart, Alexander Balloch, 1827-1899 [Editor]",en,https://www.gutenberg.org/cache/epub/38549/pg38549.txt,/home/husam/Desktop/YTU-YL/veri sıkıştırma/data-comp-project/data/processed/books/38549.txt,accepted,
38633,"The Monarchs of the Main; Or, Adventures of the Buccaneers. Volume 3 (of 3)","Thornbury, Walter, 1828-1876",en,https://www.gutenberg.org/cache/epub/38633/pg38633.txt,/home/husam/Desktop/YTU-YL/veri sıkıştırma/data-comp-project/data/processed/books/38633.txt,accepted,
38676,Adenoids and Diseased Tonsils: Their Effect on General Intelligence,"Rogers, Margaret Cobb, 1895-",en,https://www.gutenberg.org/cache/epub/38676/pg38676.txt,/home/husam/Desktop/YTU-YL/veri sıkıştırma/data-comp-project/data/processed/books/38676.txt,accepted,
38687,"Zoological Mythology; or, The Legends of Animals, Volume 1 (of 2)","De Gubernatis, Angelo, 1840-1913",en,https://www.gutenberg.org/cache/epub/38687/pg38687.txt,/home/husam/Desktop/YTU-YL/veri sıkıştırma/data-comp-project/data/processed/books/38687.txt,accepted,
38815,Prowling about Panama,"Miller, George A. (George Amos), 1868-; Best, Alice Mary Leveque, 1870-1926 [Illustrator]; Best, Arthur William, 1859-1935 [Illustrator]",en,https://www.gutenberg.org/cache/epub/38815/pg38815.txt,/home/husam/Desktop/YTU-YL/veri sıkıştırma/data-comp-project/data/processed/books/38815.txt,accepted,
38828,"Journeys in Persia and Kurdistan, Volume 2 (of 2) Including a Summer in the Upper Karun Region and a Visit to the Nestorian Rayahs","Bird, Isabella L. (Isabella Lucy), 1831-1904",en,https://www.gutenberg.org/cache/epub/38828/pg38828.txt,/home/husam/Desktop/YTU-YL/veri sıkıştırma/data-comp-project/data/processed/books/38828.txt,accepted,
39190,"Harper's New Monthly Magazine, Vol. 1. No 1, June 1850",Various,en,https://www.gutenberg.org/cache/epub/39190/pg39190.txt,/home/husam/Desktop/YTU-YL/veri sıkıştırma/data-comp-project/data/processed/books/39190.txt,accepted,
39463,Behind the Veil in Persia and Turkish Arabia An Account of an Englishwoman's Eight Years' Residence Amongst the Women of the East,"Hume-Griffith, M. E.; Hume-Griffith, A.",en,https://www.gutenberg.org/cache/epub/39463/pg39463.txt,/home/husam/Desktop/YTU-YL/veri sıkıştırma/data-comp-project/data/processed/books/39463.txt,accepted,
39532,Curious Epitaphs,"Andrews, William, 1848-1908 [Editor]",en,https://www.gutenberg.org/cache/epub/39532/pg39532.txt,/home/husam/Desktop/YTU-YL/veri sıkıştırma/data-comp-project/data/processed/books/39532.txt,accepted,
39551,Ethics,"Dewey, John, 1859-1952; Tufts, James Hayden, 1862-1942",en,https://www.gutenberg.org/cache/epub/39551/pg39551.txt,/home/husam/Desktop/YTU-YL/veri sıkıştırma/data-comp-project/data/processed/books/39551.txt,accepted,
39552,Mortomley's Estate: A Novel. Vol. 2 (of 3),"Riddell, J. H., Mrs., 1832-1906",en,https://www.gutenberg.org/cache/epub/39552/pg39552.txt,/home/husam/Desktop/YTU-YL/veri sıkıştırma/data-comp-project/data/processed/books/39552.txt,accepted,
39583,"Punch, or the London Charivari, Vol. 107, July 14th 1894",Various,en,https://www.gutenberg.org/cache/epub/39583/pg39583.txt,/home/husam/Desktop/YTU-YL/veri sıkıştırma/data-comp-project/data/processed/books/39583.txt,accepted,
39639,"Picturesque World's Fair, Vol. I, No. 1, Feb. 10, 1894 An Elaborate Collection of Colored Views . . . Comprising Illustrations of the Greatest Features of the World's Columbian Exposition and Midway Plaisance: Architectural, Artistic, Historical, Scenic and Ethnological",Anonymous,en,https://www.gutenberg.org/cache/epub/39639/pg39639.txt,/home/husam/Desktop/YTU-YL/veri sıkıştırma/data-comp-project/data/processed/books/39639.txt,accepted,
39767,"The Expositor's Bible: The Book of Isaiah, Volume 1 (of 2)","Smith, George Adam, 1856-1942; Nicoll, W. Robertson (William Robertson), Sir, 1851-1923 [Editor]",en,https://www.gutenberg.org/cache/epub/39767/pg39767.txt,/home/husam/Desktop/YTU-YL/veri sıkıştırma/data-comp-project/data/processed/books/39767.txt,accepted,
39788,The Expositor's Bible: The Epistle to the Philippians,"Rainy, Robert, 1826-1906",en,https://www.gutenberg.org/cache/epub/39788/pg39788.txt,/home/husam/Desktop/YTU-YL/veri sıkıştırma/data-comp-project/data/processed/books/39788.txt,accepted,
39795,In the Guardianship of God,"Steel, Flora Annie Webster, 1847-1929",en,https://www.gutenberg.org/cache/epub/39795/pg39795.txt,/home/husam/Desktop/YTU-YL/veri sıkıştırma/data-comp-project/data/processed/books/39795.txt,accepted,
40179,The Carter Girls' Week-End Camp,"Speed, Nell, 1878-1913; Scott, A. O. (Arthur Orange), 1882?-1946 [Illustrator]",en,https://www.gutenberg.org/cache/epub/40179/pg40179.txt,/home/husam/Desktop/YTU-YL/veri sıkıştırma/data-comp-project/data/processed/books/40179.txt,accepted,
40252,"The Baptist Magazine, Vol. 27, 1835","Various; Wightman, George [Editor]",en,https://www.gutenberg.org/cache/epub/40252/pg40252.txt,/home/husam/Desktop/YTU-YL/veri sıkıştırma/data-comp-project/data/processed/books/40252.txt,accepted,
40629,"Punch, or the London Charivari, Volume 93, December 17, 1887","Various; Burnand, F. C. (Francis Cowley), 1836-1917 [Editor]",en,https://www.gutenberg.org/cache/epub/40629/pg40629.txt,/home/husam/Desktop/YTU-YL/veri sıkıştırma/data-comp-project/data/processed/books/40629.txt,accepted,
40730,Selected List of Swan Sonnenschein & Co.'s Publications,Swan Sonnenschein & Co.,en,https://www.gutenberg.org/cache/epub/40730/pg40730.txt,/home/husam/Desktop/YTU-YL/veri sıkıştırma/data-comp-project/data/processed/books/40730.txt,accepted,
40910,"Notes and Queries, Vol. V, Number 125, March 20, 1852 A Medium of Inter-communication for Literary Men, Artists, Antiquaries, Genealogists, etc.","Various; Bell, George, 1814-1890 [Editor]",en,https://www.gutenberg.org/cache/epub/40910/pg40910.txt,/home/husam/Desktop/YTU-YL/veri sıkıştırma/data-comp-project/data/processed/books/40910.txt,accepted,
41048,The Church Index A Book of Metropolitan Churches and Church Enterprise: Part I. Kensington,"Pepperell, William",en,https://www.gutenberg.org/cache/epub/41048/pg41048.txt,/home/husam/Desktop/YTU-YL/veri sıkıştırma/data-comp-project/data/processed/books/41048.txt,accepted,
41097,Mary Lee the Red Cross Girl,"Hart, Helen, 1890-1952; Carsey, Alice [Illustrator]",en,https://www.gutenberg.org/cache/epub/41097/pg41097.txt,/home/husam/Desktop/YTU-YL/veri sıkıştırma/data-comp-project/data/processed/books/41097.txt,accepted,
41104,The Amazing Argentine: A New Land of Enterprise,"Fraser, John Foster",en,https://www.gutenberg.org/cache/epub/41104/pg41104.txt,/home/husam/Desktop/YTU-YL/veri sıkıştırma/data-comp-project/data/processed/books/41104.txt,accepted,
41144,The Fishguard Invasion by the French in 1797,"James, Margaret Ellen",en,https://www.gutenberg.org/cache/epub/41144/pg41144.txt,/home/husam/Desktop/YTU-YL/veri sıkıştırma/data-comp-project/data/processed/books/41144.txt,accepted,
41235,The Sunset Trail,"Lewis, Alfred Henry, 1857-1914",en,https://www.gutenberg.org/cache/epub/41235/pg41235.txt,/home/husam/Desktop/YTU-YL/veri sıkıştırma/data-comp-project/data/processed/books/41235.txt,accepted,
41278,"Pastoral Days; or, Memories of a New England Year","Gibson, W. Hamilton (William Hamilton), 1850-1896",en,https://www.gutenberg.org/cache/epub/41278/pg41278.txt,/home/husam/Desktop/YTU-YL/veri sıkıştırma/data-comp-project/data/processed/books/41278.txt,accepted,
41279,The Butterfly Book A Popular Guide to a Knowledge of the Butterflies of North America,"Holland, W. J. (William Jacob), 1848-1932",en,https://www.gutenberg.org/cache/epub/41279/pg41279.txt,/home/husam/Desktop/YTU-YL/veri sıkıştırma/data-comp-project/data/processed/books/41279.txt,accepted,
41291,New Homes for Old,"Breckinridge, Sophonisba Preston, 1866-1948",en,https://www.gutenberg.org/cache/epub/41291/pg41291.txt,/home/husam/Desktop/YTU-YL/veri sıkıştırma/data-comp-project/data/processed/books/41291.txt,accepted,
41422,Barbara Lynn: A Tale of the Dales and Fells.,"Jenkinson, Emily J., 1879-",en,https://www.gutenberg.org/cache/epub/41422/pg41422.txt,/home/husam/Desktop/YTU-YL/veri sıkıştırma/data-comp-project/data/processed/books/41422.txt,accepted,
41433,Robert Kimberly,"Spearman, Frank H. (Frank Hamilton), 1859-1937; Flagg, James Montgomery, 1877-1960 [Illustrator]",en,https://www.gutenberg.org/cache/epub/41433/pg41433.txt,/home/husam/Desktop/YTU-YL/veri sıkıştırma/data-comp-project/data/processed/books/41433.txt,accepted,
41561,Picturesque Pala The Story of the Mission Chapel of San Antonio de Padua Connected with Mission San Luis Rey,"James, George Wharton, 1858-1923",en,https://www.gutenberg.org/cache/epub/41561/pg41561.txt,/home/husam/Desktop/YTU-YL/veri sıkıştırma/data-comp-project/data/processed/books/41561.txt,accepted,
41580,Haunted London,"Thornbury, Walter, 1828-1876; Walford, Edward, 1823-1897 [Editor]; Fairholt, F. W. (Frederick William), 1814-1866 [Illustrator]",en,https://www.gutenberg.org/cache/epub/41580/pg41580.txt,/home/husam/Desktop/YTU-YL/veri sıkıştırma/data-comp-project/data/processed/books/41580.txt,accepted,
41784,Wyoming,"Ellis, Edward Sylvester, 1840-1916",en,https://www.gutenberg.org/cache/epub/41784/pg41784.txt,/home/husam/Desktop/YTU-YL/veri sıkıştırma/data-comp-project/data/processed/books/41784.txt,accepted,
41885,Kwan-yin,"Benson, Stella, 1892-1933",en,https://www.gutenberg.org/cache/epub/41885/pg41885.txt,/home/husam/Desktop/YTU-YL/veri sıkıştırma/data-comp-project/data/processed/books/41885.txt,accepted,
42049,"Frank Merriwell's Champions; Or, All in the Game","Standish, Burt L., 1866-1945",en,https://www.gutenberg.org/cache/epub/42049/pg42049.txt,/home/husam/Desktop/YTU-YL/veri sıkıştırma/data-comp-project/data/processed/books/42049.txt,accepted,
42081,The Diary of John Evelyn (Volume 2 of 2),"Evelyn, John, 1620-1706; Bray, William, 1736-1832 [Editor]",en,https://www.gutenberg.org/cache/epub/42081/pg42081.txt,/home/husam/Desktop/YTU-YL/veri sıkıştırma/data-comp-project/data/processed/books/42081.txt,accepted,
42230,Esther's Charge: A Story for Girls,"Everett-Green, Evelyn, 1856-1932",en,https://www.gutenberg.org/cache/epub/42230/pg42230.txt,/home/husam/Desktop/YTU-YL/veri sıkıştırma/data-comp-project/data/processed/books/42230.txt,accepted,
42355,"The Diplomatic Correspondence of the American Revolution, Vol. 03","Sparks, Jared, 1789-1866 [Editor]",en,https://www.gutenberg.org/cache/epub/42355/pg42355.txt,/home/husam/Desktop/YTU-YL/veri sıkıştırma/data-comp-project/data/processed/books/42355.txt,accepted,
42482,"A Five Years' Residence in Buenos Ayres, During the years 1820 to 1825 Containing Remarks on the Country and Inhabitants; and a Visit to Colonia Del Sacramento","Love, George Thomas, -1845",en,https://www.gutenberg.org/cache/epub/42482/pg42482.txt,/home/husam/Desktop/YTU-YL/veri sıkıştırma/data-comp-project/data/processed/books/42482.txt,accepted,
42892,Recollections of the Civil War With the Leaders at Washington and in the Field in the Sixties,"Dana, Charles A. (Charles Anderson), 1819-1897",en,https://www.gutenberg.org/cache/epub/42892/pg42892.txt,/home/husam/Desktop/YTU-YL/veri sıkıştırma/data-comp-project/data/processed/books/42892.txt,accepted,
42992,Castes and Tribes of Southern India. Vol. 2 of 7,"Thurston, Edgar, 1855-1935; Rangachari, K. [Contributor]",en,https://www.gutenberg.org/cache/epub/42992/pg42992.txt,/home/husam/Desktop/YTU-YL/veri sıkıştırma/data-comp-project/data/processed/books/42992.txt,accepted,
43008,Around the Yule Log,"Allen, Willis Boyd, 1855-1938",en,https://www.gutenberg.org/cache/epub/43008/pg43008.txt,/home/husam/Desktop/YTU-YL/veri sıkıştırma/data-comp-project/data/processed/books/43008.txt,accepted,
43106,Not Without Thorns,"Molesworth, Mrs., 1839-1921",en,https://www.gutenberg.org/cache/epub/43106/pg43106.txt,/home/husam/Desktop/YTU-YL/veri sıkıştırma/data-comp-project/data/processed/books/43106.txt,accepted,
43157,The Swing of the Pendulum,"Peard, Frances Mary, 1835-1923",en,https://www.gutenberg.org/cache/epub/43157/pg43157.txt,/home/husam/Desktop/YTU-YL/veri sıkıştırma/data-comp-project/data/processed/books/43157.txt,accepted,
43158,"Kingsworth; or, The Aim of a Life","Coleridge, Christabel R. (Christabel Rose), 1843-1921",en,https://www.gutenberg.org/cache/epub/43158/pg43158.txt,/home/husam/Desktop/YTU-YL/veri sıkıştırma/data-comp-project/data/processed/books/43158.txt,accepted,
43304,The Nō Plays of Japan,"Waley, Arthur, 1889-1966; Sickert, Oswald, 1828-1885 [Contributor]",en,https://www.gutenberg.org/cache/epub/43304/pg43304.txt,/home/husam/Desktop/YTU-YL/veri sıkıştırma/data-comp-project/data/processed/books/43304.txt,accepted,
43426,Our Little Finnish Cousin,"Winlow, Clara Vostrovsky, 1876-; O'Brien, Harriet [Illustrator]",en,https://www.gutenberg.org/cache/epub/43426/pg43426.txt,/home/husam/Desktop/YTU-YL/veri sıkıştırma/data-comp-project/data/processed/books/43426.txt,accepted,
43427,"Encyclopaedia Britannica, 11th Edition, ""Lord Chamberlain"" to ""Luqman"" Volume 17, Slice 1",Various,en,https://www.gutenberg.org/cache/epub/43427/pg43427.txt,/home/husam/Desktop/YTU-YL/veri sıkıştırma/data-comp-project/data/processed/books/43427.txt,accepted,
43592,"The Life of Ludwig van Beethoven, Volume II","Thayer, Alexander Wheelock, 1817-1897; Krehbiel, Henry Edward, 1854-1923 [Translator]",en,https://www.gutenberg.org/cache/epub/43592/pg43592.txt,/home/husam/Desktop/YTU-YL/veri sıkıştırma/data-comp-project/data/processed/books/43592.txt,accepted,
43593,"The Life of Ludwig van Beethoven, Volume III","Thayer, Alexander Wheelock, 1817-1897; Krehbiel, Henry Edward, 1854-1923 [Translator]",en,https://www.gutenberg.org/cache/epub/43593/pg43593.txt,/home/husam/Desktop/YTU-YL/veri sıkıştırma/data-comp-project/data/processed/books/43593.txt,accepted,
43597,Notes on the Fenland; with A Description of the Shippea Man,"Hughes, Thomas McKenny, 1832-1917; Macalister, Alex. (Alexander)‏ [Contributor]",en,https://www.gutenberg.org/cache/epub/43597/pg43597.txt,/home/husam/Desktop/YTU-YL/veri sıkıştırma/data-comp-project/data/processed/books/43597.txt,accepted,
43646,"Female Warriors, Vol. 1 (of 2) Memorials of Female Valour and Heroism, from the Mythological Ages to the Present Era.","Clayton, Ellen C. (Ellen Creathorne), 1834-1900",en,https://www.gutenberg.org/cache/epub/43646/pg43646.txt,/home/husam/Desktop/YTU-YL/veri sıkıştırma/data-comp-project/data/processed/books/43646.txt,accepted,
43701,Recollections of a Busy Life: Being the Reminiscences of a Liverpool Merchant 1840-1910,"Forwood, William Bower, Sir, 1840-1928",en,https://www.gutenberg.org/cache/epub/43701/pg43701.txt,/home/husam/Desktop/YTU-YL/veri sıkıştırma/data-comp-project/data/processed/books/43701.txt,accepted,
43753,"Cyrus W. Field, His Life and Work [1819-1892]","Judson, Isabella Field, 1846- [Editor]",en,https://www.gutenberg.org/cache/epub/43753/pg43753.txt,/home/husam/Desktop/YTU-YL/veri sıkıştırma/data-comp-project/data/processed/books/43753.txt,accepted,
43773,Shifting Sands,"Bassett, Sara Ware, 1872-1968",en,https://www.gutenberg.org/cache/epub/43773/pg43773.txt,/home/husam/Desktop/YTU-YL/veri sıkıştırma/data-comp-project/data/processed/books/43773.txt,accepted,
43827,The Law Inevitable,"Couperus, Louis, 1863-1923; Teixeira de Mattos, Alexander, 1865-1921 [Translator]",en,https://www.gutenberg.org/cache/epub/43827/pg43827.txt,/home/husam/Desktop/YTU-YL/veri sıkıştırma/data-comp-project/data/processed/books/43827.txt,accepted,
43846,The Seer of Slabsides,"Sharp, Dallas Lore, 1870-1929",en,https://www.gutenberg.org/cache/epub/43846/pg43846.txt,/home/husam/Desktop/YTU-YL/veri sıkıştırma/data-comp-project/data/processed/books/43846.txt,accepted,
43854,The Blossoms of Morality Intended for the Amusement and Instruction of Young Ladies and Gentlemen,"Berquin, M. (Arnaud), 1747-1791; Johnson, R. (Richard), 1734?-1793; Bewick, John, 1760-1795 [Illustrator]",en,https://www.gutenberg.org/cache/epub/43854/pg43854.txt,/home/husam/Desktop/YTU-YL/veri sıkıştırma/data-comp-project/data/processed/books/43854.txt,accepted,
43862,In the Morning Glow: Short Stories,"Gilson, Roy Rolfe, 1875-1933",en,https://www.gutenberg.org/cache/epub/43862/pg43862.txt,/home/husam/Desktop/YTU-YL/veri sıkıştırma/data-comp-project/data/processed/books/43862.txt,accepted,
43865,"The Old Inns of Old England, Volume 1 (of 2) A Picturesque Account of the Ancient and Storied Hostelries of Our Own Country","Harper, Charles G. (Charles George), 1863-1943",en,https://www.gutenberg.org/cache/epub/43865/pg43865.txt,/home/husam/Desktop/YTU-YL/veri sıkıştırma/data-comp-project/data/processed/books/43865.txt,accepted,
43929,"The Collector Essays on Books, Newspapers, Pictures, Inns, Authors, Doctors, Holidays, Actors, Preachers","Tuckerman, Henry T. (Henry Theodore), 1813-1871; Doran, Dr. (John), 1807-1878 [Author of introduction, etc.]",en,https://www.gutenberg.org/cache/epub/43929/pg43929.txt,/home/husam/Desktop/YTU-YL/veri sıkıştırma/data-comp-project/data/processed/books/43929.txt,accepted,
43969,"With the Ulster Division in France A Story of the 11th Battalion Royal Irish Rifles (South Antrim Volunteers), From Bordon to Thiepval.","S., A. P. I. (Samuels, Arthur Purefoy Irwin); Samuels, Dorothy Gage",en,https://www.gutenberg.org/cache/epub/43969/pg43969.txt,/home/husam/Desktop/YTU-YL/veri sıkıştırma/data-comp-project/data/processed/books/43969.txt,accepted,
44096,An elementary manual of New Zealand entomology,"Hudson, G. V. (George Vernon), 1867-1946",en,https://www.gutenberg.org/cache/epub/44096/pg44096.txt,/home/husam/Desktop/YTU-YL/veri sıkıştırma/data-comp-project/data/processed/books/44096.txt,accepted,
44127,Fresh Fields,"Burroughs, John, 1837-1921",en,https://www.gutenberg.org/cache/epub/44127/pg44127.txt,/home/husam/Desktop/YTU-YL/veri sıkıştırma/data-comp-project/data/processed/books/44127.txt,accepted,
44189,"Florida: Past and present together with notes from Sunland, on the Manatee River, Gulf Coast of South Florida: its climate, soil, and productions","Upham, Samuel C. (Samuel Curtis), 1819-1885",en,https://www.gutenberg.org/cache/epub/44189/pg44189.txt,/home/husam/Desktop/YTU-YL/veri sıkıştırma/data-comp-project/data/processed/books/44189.txt,accepted,
44342,"Classical Enigmas, Adapted to Every Month in the Year Composed from the English and Roman Histories, Heathen Mythology and Names of Famous Writers: Meant to Amuse Youths of All Ages, and at the Same Time Exert Their Memories, by Calling to Mind What They Have Read at Different Times","Ritson, Mrs. (Anne)",en,https://www.gutenberg.org/cache/epub/44342/pg44342.txt,/home/husam/Desktop/YTU-YL/veri sıkıştırma/data-comp-project/data/processed/books/44342.txt,accepted,
44385,"Bliss, and other stories","Mansfield, Katherine, 1888-1923",en,https://www.gutenberg.org/cache/epub/44385/pg44385.txt,/home/husam/Desktop/YTU-YL/veri sıkıştırma/data-comp-project/data/processed/books/44385.txt,accepted,
44404,"Adrift in the Unknown; or, Queer Adventures in a Queer Realm","Cook, William Wallace, 1867-1933",en,https://www.gutenberg.org/cache/epub/44404/pg44404.txt,/home/husam/Desktop/YTU-YL/veri sıkıştırma/data-comp-project/data/processed/books/44404.txt,accepted,
44447,Fairy Realm: A Collection of the Favourite Old Tales Told in Verse,"Hood, Tom, 1835-1874; Doré, Gustave, 1832-1883 [Illustrator]",en,https://www.gutenberg.org/cache/epub/44447/pg44447.txt,/home/husam/Desktop/YTU-YL/veri sıkıştırma/data-comp-project/data/processed/books/44447.txt,accepted,
44592,Light for Little Ones,"Waterbury, Mary F.",en,https://www.gutenberg.org/cache/epub/44592/pg44592.txt,/home/husam/Desktop/YTU-YL/veri sıkıştırma/data-comp-project/data/processed/books/44592.txt,accepted,
44596,"Harper's Young People, December 28, 1880 An Illustrated Monthly",Various,en,https://www.gutenberg.org/cache/epub/44596/pg44596.txt,/home/husam/Desktop/YTU-YL/veri sıkıştırma/data-comp-project/data/processed/books/44596.txt,accepted,
44755,Eighteen Months' Imprisonment,"Shaw, Donald, late captain; Mackay, Wallis [Illustrator]",en,https://www.gutenberg.org/cache/epub/44755/pg44755.txt,/home/husam/Desktop/YTU-YL/veri sıkıştırma/data-comp-project/data/processed/books/44755.txt,accepted,
44800,The Law,"Bastiat, Frédéric, 1801-1850",en,https://www.gutenberg.org/cache/epub/44800/pg44800.txt,/home/husam/Desktop/YTU-YL/veri sıkıştırma/data-comp-project/data/processed/books/44800.txt,accepted,
44920,The Normans; told chiefly in relation to their conquest of England,"Jewett, Sarah Orne, 1849-1909",en,https://www.gutenberg.org/cache/epub/44920/pg44920.txt,/home/husam/Desktop/YTU-YL/veri sıkıştırma/data-comp-project/data/processed/books/44920.txt,accepted,
44953,"Punch, or the London Charivari, Vol. 109, July 6, 1895","Various; Burnand, F. C. (Francis Cowley), 1836-1917 [Editor]",en,https://www.gutenberg.org/cache/epub/44953/pg44953.txt,/home/husam/Desktop/YTU-YL/veri sıkıştırma/data-comp-project/data/processed/books/44953.txt,accepted,
44993,"A Lady's Tour in Corsica, Vol. 1 (of 2)","Forde, Gertrude",en,https://www.gutenberg.org/cache/epub/44993/pg44993.txt,/home/husam/Desktop/YTU-YL/veri sıkıştırma/data-comp-project/data/processed/books/44993.txt,accepted,
45054,"Essentials in Church History A History of the Church from the Birth of Joseph Smith to the Present Time (1922), with Introductory Chapters on the Antiquity of the Gospel and the ""Falling Away""","Smith, Joseph Fielding, 1876-1972",en,https://www.gutenberg.org/cache/epub/45054/pg45054.txt,/home/husam/Desktop/YTU-YL/veri sıkıştırma/data-comp-project/data/processed/books/45054.txt,accepted,
45106,The Life of Francis Thompson,"Meynell, Everard, 1882-1926",en,https://www.gutenberg.org/cache/epub/45106/pg45106.txt,/home/husam/Desktop/YTU-YL/veri sıkıştırma/data-comp-project/data/processed/books/45106.txt,accepted,
45144,Killarney,"Gorges, Mary; Walker, Francis Sylvester, 1848-1916 [Illustrator]",en,https://www.gutenberg.org/cache/epub/45144/pg45144.txt,/home/husam/Desktop/YTU-YL/veri sıkıştırma/data-comp-project/data/processed/books/45144.txt,accepted,
45162,"How to Travel Hints, Advice, and Suggestions to Travelers by Land and Sea all over the Globe.","Knox, Thomas Wallace, 1835-1896",en,https://www.gutenberg.org/cache/epub/45162/pg45162.txt,/home/husam/Desktop/YTU-YL/veri sıkıştırma/data-comp-project/data/processed/books/45162.txt,accepted,
45273,"The Cabots and the Discovery of America With a Brief Description and History of Brandon Hill, the Site of the Cabot Memorial Tower","Hodges, Elizabeth, active 1895-1897; Loxton, S. J. (Samuel Joseph), 1857-1922 [Illustrator]",en,https://www.gutenberg.org/cache/epub/45273/pg45273.txt,/home/husam/Desktop/YTU-YL/veri sıkıştırma/data-comp-project/data/processed/books/45273.txt,accepted,
45368,The Outline of History: Being a Plain History of Life and Mankind,"Wells, H. G. (Herbert George), 1866-1946; Barker, Ernest, Sir, 1874-1960 [Editor]; Johnston, Harry, 1858-1927 [Editor]; Lankester, E. Ray (Edwin Ray), Sir, 1847-1929 [Editor]; Murray, Gilbert, 1866-1957 [Editor]; Horrabin, J. F. (James Francis), 1884-1962 [Illustrator]",en,https://www.gutenberg.org/cache/epub/45368/pg45368.txt,/home/husam/Desktop/YTU-YL/veri sıkıştırma/data-comp-project/data/processed/books/45368.txt,accepted,
45405,Pickett's Gap,"Greene, Homer, 1853-1940",en,https://www.gutenberg.org/cache/epub/45405/pg45405.txt,/home/husam/Desktop/YTU-YL/veri sıkıştırma/data-comp-project/data/processed/books/45405.txt,accepted,
45530,The Secret of Steeple Rocks,"Grove, Harriet Pyne",en,https://www.gutenberg.org/cache/epub/45530/pg45530.txt,/home/husam/Desktop/YTU-YL/veri sıkıştırma/data-comp-project/data/processed/books/45530.txt,accepted,
45611,"Chronicles of England, Scotland and Ireland (3 of 6): England (6 of 9) Richard the Third, Third Sonne to Richard Duke of Yorke, and Uncle to Edward the Fift","Holinshed, Raphael, -1580?",en,https://www.gutenberg.org/cache/epub/45611/pg45611.txt,/home/husam/Desktop/YTU-YL/veri sıkıştırma/data-comp-project/data/processed/books/45611.txt,accepted,
45701,Christianity and Problems of To-day: Lectures Delivered Before Lake Forest College on the Foundation of the Late William Bross,"Finley, John H. (John Huston), 1863-1940; Jenks, Jeremiah Whipple, 1856-1929; Kent, Charles Foster, 1867-1925; More, Paul Elmer, 1864-1937; Taylor, Robert Bruce, 1869-",en,https://www.gutenberg.org/cache/epub/45701/pg45701.txt,/home/husam/Desktop/YTU-YL/veri sıkıştırma/data-comp-project/data/processed/books/45701.txt,accepted,
45731,"Buffon's Natural History. Volume 06 (of 10) Containing a Theory of the Earth, a General History of Man, of the Brute Creation, and of Vegetables, Minerals, &c. &c","Buffon, Georges Louis Leclerc, comte de, 1707-1788; Barr, James Smith [Editor]",en,https://www.gutenberg.org/cache/epub/45731/pg45731.txt,/home/husam/Desktop/YTU-YL/veri sıkıştırma/data-comp-project/data/processed/books/45731.txt,accepted,
45740,The Boy Scouts of Lakeville High,"Quirk, Leslie W., 1882-; Kirkpatrick, William Arber-Brown, 1880- [Illustrator]",en,https://www.gutenberg.org/cache/epub/45740/pg45740.txt,/home/husam/Desktop/YTU-YL/veri sıkıştırma/data-comp-project/data/processed/books/45740.txt,accepted,
45870,"Gold, Gold, in Cariboo! A Story of Adventure in British Columbia","Phillipps-Wolley, Clive, 1854-1918; Hindley, Godfrey C. [Illustrator]",en,https://www.gutenberg.org/cache/epub/45870/pg45870.txt,/home/husam/Desktop/YTU-YL/veri sıkıştırma/data-comp-project/data/processed/books/45870.txt,accepted,
45960,A Naval Venture: The War Story of an Armoured Cruiser,"Jeans, T. T. (Thomas Tendron); Gillett, Frank, 1874-1927 [Illustrator]",en,https://www.gutenberg.org/cache/epub/45960/pg45960.txt,/home/husam/Desktop/YTU-YL/veri sıkıştırma/data-comp-project/data/processed/books/45960.txt,accepted,
46001,A Parody on Iolanthe,"Dalziel, D. (Davison), 1852-1928; McVickar, H. W. (Harry Whitney), 1860-1905 [Illustrator]",en,https://www.gutenberg.org/cache/epub/46001/pg46001.txt,/home/husam/Desktop/YTU-YL/veri sıkıştırma/data-comp-project/data/processed/books/46001.txt,accepted,
46067,How To Ski and How Not To,"Caulfeild, Vivian, 1874-1958",en,https://www.gutenberg.org/cache/epub/46067/pg46067.txt,/home/husam/Desktop/YTU-YL/veri sıkıştırma/data-comp-project/data/processed/books/46067.txt,accepted,
46237,The Romance of Book-Collecting,"Slater, J. Herbert (John Herbert), 1854-1921",en,https://www.gutenberg.org/cache/epub/46237/pg46237.txt,/home/husam/Desktop/YTU-YL/veri sıkıştırma/data-comp-project/data/processed/books/46237.txt,accepted,
46251,Old Continental Towns,"Gallichan, Walter M. (Walter Matthew), 1861-1946",en,https://www.gutenberg.org/cache/epub/46251/pg46251.txt,/home/husam/Desktop/YTU-YL/veri sıkıştırma/data-comp-project/data/processed/books/46251.txt,accepted,
46399,The Story of Mankind,"Van Loon, Hendrik Willem, 1882-1944",en,https://www.gutenberg.org/cache/epub/46399/pg46399.txt,/home/husam/Desktop/YTU-YL/veri sıkıştırma/data-comp-project/data/processed/books/46399.txt,accepted,
46439,Romantic Ireland; volume 2/2,"Mansfield, M. F. (Milburg Francisco), 1871-; McManus, Blanche, 1869-1935",en,https://www.gutenberg.org/cache/epub/46439/pg46439.txt,/home/husam/Desktop/YTU-YL/veri sıkıştırma/data-comp-project/data/processed/books/46439.txt,accepted,
46559,"Travels in the Central Parts of Indo-China (Siam), Cambodia, and Laos (Vol. 1 of 2) During the Years 1858, 1859, and 1860","Mouhot, Henri, 1826-1861; Mouhot, Charles [Editor]",en,https://www.gutenberg.org/cache/epub/46559/pg46559.txt,/home/husam/Desktop/YTU-YL/veri sıkıştırma/data-comp-project/data/processed/books/46559.txt,accepted,
46986,The Christ: A Critical Review and Analysis of the Evidences of His Existence,"Remsburg, John E. (John Eleazer), 1848-1919",en,https://www.gutenberg.org/cache/epub/46986/pg46986.txt,/home/husam/Desktop/YTU-YL/veri sıkıştırma/data-comp-project/data/processed/books/46986.txt,accepted,
46988,"Mother West Wind ""When"" Stories","Burgess, Thornton W. (Thornton Waldo), 1874-1965; Cady, Harrison, 1877-1970 [Illustrator]",en,https://www.gutenberg.org/cache/epub/46988/pg46988.txt,/home/husam/Desktop/YTU-YL/veri sıkıştırma/data-comp-project/data/processed/books/46988.txt,accepted,
47036,The Jade Flute: Chinese Poems in Prose,Various; Anonymous [Translator],en,https://www.gutenberg.org/cache/epub/47036/pg47036.txt,/home/husam/Desktop/YTU-YL/veri sıkıştırma/data-comp-project/data/processed/books/47036.txt,accepted,
47082,"New Englands Prospect A true, lively, and experimentall description of that part of America, commonly called New England: discovering the state of that Countrie, both as it stands to our new-come English Planters; and to the old Native Inhabitants","Wood, William, active 1629-1635",en,https://www.gutenberg.org/cache/epub/47082/pg47082.txt,/home/husam/Desktop/YTU-YL/veri sıkıştırma/data-comp-project/data/processed/books/47082.txt,accepted,
47151,Diaries of Court Ladies of Old Japan,"Omori, Annie Shepley [Translator]; Izumi Shikibu, 974?-; Murasaki Shikibu, 978?-; Sugawara no Takasue no Musume, 1008-; Doi, Kochi, 1886-1979 [Translator]",en,https://www.gutenberg.org/cache/epub/47151/pg47151.txt,/home/husam/Desktop/YTU-YL/veri sıkıştırma/data-comp-project/data/processed/books/47151.txt,accepted,
47292,"The Rivers of Great Britain, Descriptive, Historical, Pictorial: Rivers of the South and West Coasts",Various,en,https://www.gutenberg.org/cache/epub/47292/pg47292.txt,/home/husam/Desktop/YTU-YL/veri sıkıştırma/data-comp-project/data/processed/books/47292.txt,accepted,
47314,The Philosophy of Natural Theology An Essay in confutation of the scepticism of the present day,"Jackson, William, 1817?-1891?",en,https://www.gutenberg.org/cache/epub/47314/pg47314.txt,/home/husam/Desktop/YTU-YL/veri sıkıştırma/data-comp-project/data/processed/books/47314.txt,accepted,
47384,"The Quarterly Journal of Science, Literature and the Arts, July-December, 1827",Various,en,https://www.gutenberg.org/cache/epub/47384/pg47384.txt,/home/husam/Desktop/YTU-YL/veri sıkıştırma/data-comp-project/data/processed/books/47384.txt,accepted,
47438,Elementary Instruction in the Art of Illuminating and Missal Painting on Vellum A Guide to Modern Illuminators,"Laurent de Lara, D. (David)",en,https://www.gutenberg.org/cache/epub/47438/pg47438.txt,/home/husam/Desktop/YTU-YL/veri sıkıştırma/data-comp-project/data/processed/books/47438.txt,accepted,
47612,"Safar Nameh, Persian Pictures: A Book Of Travel","Bell, Gertrude Lowthian, 1868-1926",en,https://www.gutenberg.org/cache/epub/47612/pg47612.txt,/home/husam/Desktop/YTU-YL/veri sıkıştırma/data-comp-project/data/processed/books/47612.txt,accepted,
47699,"Harper's Young People, June 7, 1881 An Illustrated Weekly",Various,en,https://www.gutenberg.org/cache/epub/47699/pg47699.txt,/home/husam/Desktop/YTU-YL/veri sıkıştırma/data-comp-project/data/processed/books/47699.txt,accepted,
47714,English Heraldic Book-stamps,"Davenport, Cyril, 1848-1941",en,https://www.gutenberg.org/cache/epub/47714/pg47714.txt,/home/husam/Desktop/YTU-YL/veri sıkıştırma/data-comp-project/data/processed/books/47714.txt,accepted,
47751,"Graham's Magazine, Vol. XLI, No. 3, September 1852","Various; Graham, George R., 1813-1894 [Editor]",en,https://www.gutenberg.org/cache/epub/47751/pg47751.txt,/home/husam/Desktop/YTU-YL/veri sıkıştırma/data-comp-project/data/processed/books/47751.txt,accepted,
47760,Three Hundred Things a Bright Boy Can Do,"Armitage, Harold, 1867- [Editor]",en,https://www.gutenberg.org/cache/epub/47760/pg47760.txt,/home/husam/Desktop/YTU-YL/veri sıkıştırma/data-comp-project/data/processed/books/47760.txt,accepted,
47792,Mr. Punch's Dramatic Sequels,"Hankin, St. John, 1869-1909; Wheeler, Edward J., 1848?-1933 [Illustrator]",en,https://www.gutenberg.org/cache/epub/47792/pg47792.txt,/home/husam/Desktop/YTU-YL/veri sıkıştırma/data-comp-project/data/processed/books/47792.txt,accepted,
48132,Essays Upon Heredity and Kindred Biological Problems Authorised Translation,"Weismann, August, 1834-1914; Poulton, Edward Bagnall, Sir, 1856-1943 [Editor]; Schönland, S. (Selmar), 1860- [Editor]; Shipley, A. E. (Arthur Everett), Sir, 1861-1927 [Editor]",en,https://www.gutenberg.org/cache/epub/48132/pg48132.txt,/home/husam/Desktop/YTU-YL/veri sıkıştırma/data-comp-project/data/processed/books/48132.txt,accepted,
48144,The Mystery of the Iron Box A Ken Holt Mystery,"Campbell, Bruce, 1909-2000",en,https://www.gutenberg.org/cache/epub/48144/pg48144.txt,/home/husam/Desktop/YTU-YL/veri sıkıştırma/data-comp-project/data/processed/books/48144.txt,accepted,
48218,The Science of the Stars,"Maunder, E. Walter (Edward Walter), 1851-1928",en,https://www.gutenberg.org/cache/epub/48218/pg48218.txt,/home/husam/Desktop/YTU-YL/veri sıkıştırma/data-comp-project/data/processed/books/48218.txt,accepted,
48323,"The Roman Poets of the Republic, 2nd edition","Sellar, W. Y. (William Young), 1825-1890",en,https://www.gutenberg.org/cache/epub/48323/pg48323.txt,/home/husam/Desktop/YTU-YL/veri sıkıştırma/data-comp-project/data/processed/books/48323.txt,accepted,
48452,"The Old House, and Other Tales","Sologub, Fyodor, 1863-1927; Cournos, John, 1881-1966 [Translator]",en,https://www.gutenberg.org/cache/epub/48452/pg48452.txt,/home/husam/Desktop/YTU-YL/veri sıkıştırma/data-comp-project/data/processed/books/48452.txt,accepted,
48707,Gentlemen of the Jury: A Farce,"Baker, George M. (George Melville), 1832-1890",en,https://www.gutenberg.org/cache/epub/48707/pg48707.txt,/home/husam/Desktop/YTU-YL/veri sıkıştırma/data-comp-project/data/processed/books/48707.txt,accepted,
48749,Liliom,"Molnár, Ferenc, 1878-1952; Glazer, Benjamin F. (Benjamin Floyer), 1887-1956 [Translator]",en,https://www.gutenberg.org/cache/epub/48749/pg48749.txt,/home/husam/Desktop/YTU-YL/veri sıkıştırma/data-comp-project/data/processed/books/48749.txt,accepted,
48789,Speaking of the Turks,"Mufti-zada, K. Ziya, bey",en,https://www.gutenberg.org/cache/epub/48789/pg48789.txt,/home/husam/Desktop/YTU-YL/veri sıkıştırma/data-comp-project/data/processed/books/48789.txt,accepted,
48824,"Countess Vera; or, The Oath of Vengeance","Miller, Alex. McVeigh, Mrs., 1850-1937",en,https://www.gutenberg.org/cache/epub/48824/pg48824.txt,/home/husam/Desktop/YTU-YL/veri sıkıştırma/data-comp-project/data/processed/books/48824.txt,accepted,
48870,Early Lives of Charlemagne by Eginhard and the Monk of St Gall edited by Prof. A. J. Grant,"Einhard, 770?-840; Notker, Balbulus, 840?-912; Grant, A. J. (Arthur James), 1862-1948 [Translator]",en,https://www.gutenberg.org/cache/epub/48870/pg48870.txt,/home/husam/Desktop/YTU-YL/veri sıkıştırma/data-comp-project/data/processed/books/48870.txt,accepted,
48883,Sea-gift: A Novel,"Fuller, Edwin W. (Edwin Wiley), 1847-1876",en,https://www.gutenberg.org/cache/epub/48883/pg48883.txt,/home/husam/Desktop/YTU-YL/veri sıkıştırma/data-comp-project/data/processed/books/48883.txt,accepted,
49100,"Harper's Round Table, November 26, 1895",Various,en,https://www.gutenberg.org/cache/epub/49100/pg49100.txt,/home/husam/Desktop/YTU-YL/veri sıkıştırma/data-comp-project/data/processed/books/49100.txt,accepted,
49350,My Three Years in a German Prison,"Béland, Henri, 1869-1935",en,https://www.gutenberg.org/cache/epub/49350/pg49350.txt,/home/husam/Desktop/YTU-YL/veri sıkıştırma/data-comp-project/data/processed/books/49350.txt,accepted,
49465,The Three Bears of Porcupine Ridge,"Thompson, Jean M. (Jean May), 1865-; Copeland, Charles, 1858-1929 [Illustrator]",en,https://www.gutenberg.org/cache/epub/49465/pg49465.txt,/home/husam/Desktop/YTU-YL/veri sıkıştırma/data-comp-project/data/processed/books/49465.txt,accepted,
49505,"The Romance of the Microscope An interesting description of its uses in all branches of science, industry, agriculture, and in the detection of crime, with a short account of its origin, history, and development","Ealand, C. A. (Charles Aubrey), 1877-",en,https://www.gutenberg.org/cache/epub/49505/pg49505.txt,/home/husam/Desktop/YTU-YL/veri sıkıştırma/data-comp-project/data/processed/books/49505.txt,accepted,
49606,Anathema: A Tragedy in Seven Scenes,"Andreyev, Leonid, 1871-1919; Bernstein, Herman, 1876-1935 [Translator]",en,https://www.gutenberg.org/cache/epub/49606/pg49606.txt,/home/husam/Desktop/YTU-YL/veri sıkıştırma/data-comp-project/data/processed/books/49606.txt,accepted,
49687,"Early Renaissance Architecture in England A Historical & Descriptive Account of the Tudor, Elizabethan, & Jacobean Periods, 1500-1625","Gotch, J. Alfred (John Alfred), 1852-1942",en,https://www.gutenberg.org/cache/epub/49687/pg49687.txt,/home/husam/Desktop/YTU-YL/veri sıkıştırma/data-comp-project/data/processed/books/49687.txt,accepted,
49714,At Bay,"Alexander, Mrs., 1825-1902",en,https://www.gutenberg.org/cache/epub/49714/pg49714.txt,/home/husam/Desktop/YTU-YL/veri sıkıştırma/data-comp-project/data/processed/books/49714.txt,accepted,
49749,Isla Heron,"Richards, Laura Elizabeth Howe, 1850-1943; Merrill, Frank T., 1848-1923 [Illustrator]",en,https://www.gutenberg.org/cache/epub/49749/pg49749.txt,/home/husam/Desktop/YTU-YL/veri sıkıştırma/data-comp-project/data/processed/books/49749.txt,accepted,
49755,"Brief Diversions: Being Tales, Travesties and Epigrams","Priestley, J. B. (John Boynton), 1894-1984",en,https://www.gutenberg.org/cache/epub/49755/pg49755.txt,/home/husam/Desktop/YTU-YL/veri sıkıştırma/data-comp-project/data/processed/books/49755.txt,accepted,
49805,"The Mentor: Famous English Poets, Vol. 1, Num. 44, Serial No. 44","Mabie, Hamilton Wright, 1846-1916",en,https://www.gutenberg.org/cache/epub/49805/pg49805.txt,/home/husam/Desktop/YTU-YL/veri sıkıştırma/data-comp-project/data/processed/books/49805.txt,accepted,
49957,Mary Jane in New England,"Judson, Clara Ingram, 1879-1960; Gooch, Thelma, 1895-1973 [Illustrator]",en,https://www.gutenberg.org/cache/epub/49957/pg49957.txt,/home/husam/Desktop/YTU-YL/veri sıkıştırma/data-comp-project/data/processed/books/49957.txt,accepted,
49972,Pittsburgh Main Thoroughfares and the Down Town District Improvements Necessary to Meet the City's Present and Future Needs,"Olmsted, Frederick Law, 1870-1957",en,https://www.gutenberg.org/cache/epub/49972/pg49972.txt,/home/husam/Desktop/YTU-YL/veri sıkıştırma/data-comp-project/data/processed/books/49972.txt,accepted,
50159,"Charles Sumner: his complete works, volume 13 (of 20)","Sumner, Charles, 1811-1874",en,https://www.gutenberg.org/cache/epub/50159/pg50159.txt,/home/husam/Desktop/YTU-YL/veri sıkıştırma/data-comp-project/data/processed/books/50159.txt,accepted,
50193,The Messenger of the Black Prince,"Mawhinney, Thomas A. H.",en,https://www.gutenberg.org/cache/epub/50193/pg50193.txt,/home/husam/Desktop/YTU-YL/veri sıkıştırma/data-comp-project/data/processed/books/50193.txt,accepted,
50290,Space Station 1,"Long, Frank Belknap, 1903-1994",en,https://www.gutenberg.org/cache/epub/50290/pg50290.txt,/home/husam/Desktop/YTU-YL/veri sıkıştırma/data-comp-project/data/processed/books/50290.txt,accepted,
50544,"The Life of General Garibaldi Translated from his private papers; with the history of his splendid exploits in Rome, Lombardy, Sicily and Naples, to the present time.","Garibaldi, Giuseppe, 1807-1882; Dwight, Theodore, 1796-1866 [Translator]",en,https://www.gutenberg.org/cache/epub/50544/pg50544.txt,/home/husam/Desktop/YTU-YL/veri sıkıştırma/data-comp-project/data/processed/books/50544.txt,accepted,
50820,Mrs. Dot: A Farce,"Maugham, W. Somerset (William Somerset), 1874-1965",en,https://www.gutenberg.org/cache/epub/50820/pg50820.txt,/home/husam/Desktop/YTU-YL/veri sıkıştırma/data-comp-project/data/processed/books/50820.txt,accepted,
50878,Beadle's Dime Song Book No. 5 A Collection of New and Popular Comic and Sentimental Songs,Various,en,https://www.gutenberg.org/cache/epub/50878/pg50878.txt,/home/husam/Desktop/YTU-YL/veri sıkıştırma/data-comp-project/data/processed/books/50878.txt,accepted,
50886,Katherine Lauderdale; Vol. 2 of 2,"Crawford, F. Marion (Francis Marion), 1854-1909",en,https://www.gutenberg.org/cache/epub/50886/pg50886.txt,/home/husam/Desktop/YTU-YL/veri sıkıştırma/data-comp-project/data/processed/books/50886.txt,accepted,
50993,Lion Ben of Elm Island,"Kellogg, Elijah, 1813-1901",en,https://www.gutenberg.org/cache/epub/50993/pg50993.txt,/home/husam/Desktop/YTU-YL/veri sıkıştırma/data-comp-project/data/processed/books/50993.txt,accepted,
51039,"The Laws and Principles of Whist Stated and Explained, and its practice illustrated on an original system by means of hands played completely through. 18th edition","Cavendish, 1831-1899",en,https://www.gutenberg.org/cache/epub/51039/pg51039.txt,/home/husam/Desktop/YTU-YL/veri sıkıştırma/data-comp-project/data/processed/books/51039.txt,accepted,
51054,The Wolf-Leader,"Dumas, Alexandre, 1802-1870; Adams, Frank, 1871-1944 [Illustrator]; Allinson, A. R. (Alfred Richard), 1852-1929 [Translator]",en,https://www.gutenberg.org/cache/epub/51054/pg51054.txt,/home/husam/Desktop/YTU-YL/veri sıkıştırma/data-comp-project/data/processed/books/51054.txt,accepted,
51125,Mars is My Destination,"Long, Frank Belknap, 1903-1994",en,https://www.gutenberg.org/cache/epub/51125/pg51125.txt,/home/husam/Desktop/YTU-YL/veri sıkıştırma/data-comp-project/data/processed/books/51125.txt,accepted,
51201,Volpla,"Guin, Wyman, 1915-1989; Francis, Dick [Illustrator]",en,https://www.gutenberg.org/cache/epub/51201/pg51201.txt,/home/husam/Desktop/YTU-YL/veri sıkıştırma/data-comp-project/data/processed/books/51201.txt,accepted,
51391,Famous Impostors,"Stoker, Bram, 1847-1912",en,https://www.gutenberg.org/cache/epub/51391/pg51391.txt,/home/husam/Desktop/YTU-YL/veri sıkıştırma/data-comp-project/data/processed/books/51391.txt,accepted,
51533,The Celestial Hammerlock,"Colvin, Donald",en,https://www.gutenberg.org/cache/epub/51533/pg51533.txt,/home/husam/Desktop/YTU-YL/veri sıkıştırma/data-comp-project/data/processed/books/51533.txt,accepted,
51597,Gourmet,"Lang, Allen Kim, 1928-",en,https://www.gutenberg.org/cache/epub/51597/pg51597.txt,/home/husam/Desktop/YTU-YL/veri sıkıştırma/data-comp-project/data/processed/books/51597.txt,accepted,
51700,Gift Card Designing,"Lemos, Pedro J. (Pedro Joseph), 1882-1954",en,https://www.gutenberg.org/cache/epub/51700/pg51700.txt,/home/husam/Desktop/YTU-YL/veri sıkıştırma/data-comp-project/data/processed/books/51700.txt,accepted,
51789,"Narrative and Critical History of America, Vol. 6 (of 8) The United States of North America, Part I","Winsor, Justin, 1831-1897 [Editor]",en,https://www.gutenberg.org/cache/epub/51789/pg51789.txt,/home/husam/Desktop/YTU-YL/veri sıkıştırma/data-comp-project/data/processed/books/51789.txt,accepted,
51905,"The Invasion of 1910, with a full account of the siege of London","Le Queux, William, 1864-1927",en,https://www.gutenberg.org/cache/epub/51905/pg51905.txt,/home/husam/Desktop/YTU-YL/veri sıkıştırma/data-comp-project/data/processed/books/51905.txt,accepted,
52046,A Constitution in Making (1660-1714),"Perrett, G. B. (George Burr) [Compiler]; Bell, Kenneth (Kenneth Norman), 1884-1951 [Editor]; Winbolt, S. E. (Samuel Edward), 1868-1944 [Editor]",en,https://www.gutenberg.org/cache/epub/52046/pg52046.txt,/home/husam/Desktop/YTU-YL/veri sıkıştırma/data-comp-project/data/processed/books/52046.txt,accepted,
52157,Craven's Part in the Great War,"Clayton, John T.; Brayshaw, Thomas, 1856-1931 [Contributor]",en,https://www.gutenberg.org/cache/epub/52157/pg52157.txt,/home/husam/Desktop/YTU-YL/veri sıkıştırma/data-comp-project/data/processed/books/52157.txt,accepted,
52162,On the Existence of Active Oxygen Thesis Presented for the Attainment of the Degree of Doctor of Philosophy at the Johns Hopkins University,"Keiser, Edward Harrison, 1861-",en,https://www.gutenberg.org/cache/epub/52162/pg52162.txt,/home/husam/Desktop/YTU-YL/veri sıkıştırma/data-comp-project/data/processed/books/52162.txt,accepted,
52230,Catalogue of the Manuscripts in the Spanish Language in the British Museum. Vol. 4,"Gayangos, Pascual de, 1809-1897; British Museum. Department of Manuscripts",en,https://www.gutenberg.org/cache/epub/52230/pg52230.txt,/home/husam/Desktop/YTU-YL/veri sıkıştırma/data-comp-project/data/processed/books/52230.txt,accepted,
52303,The History of Lumsden's Horse A Complete Record of the Corps from Its Formation to Its Disbandment,"Pearse, Henry H. S., 1844-1905 [Editor]",en,https://www.gutenberg.org/cache/epub/52303/pg52303.txt,/home/husam/Desktop/YTU-YL/veri sıkıştırma/data-comp-project/data/processed/books/52303.txt,accepted,
52444,"Stories of the Gorilla Country, Narrated for Young People","Du Chaillu, Paul B. (Paul Belloni), 1835-1903",en,https://www.gutenberg.org/cache/epub/52444/pg52444.txt,/home/husam/Desktop/YTU-YL/veri sıkıştırma/data-comp-project/data/processed/books/52444.txt,accepted,
52507,Anthony the Absolute,"Merwin, Samuel, 1874-1936; Crosby, Raymond Moreau, 1876-1945 [Illustrator]",en,https://www.gutenberg.org/cache/epub/52507/pg52507.txt,/home/husam/Desktop/YTU-YL/veri sıkıştırma/data-comp-project/data/processed/books/52507.txt,accepted,
52621,"Society in America, Volume 1 (of 2)","Martineau, Harriet, 1802-1876",en,https://www.gutenberg.org/cache/epub/52621/pg52621.txt,/home/husam/Desktop/YTU-YL/veri sıkıştırma/data-comp-project/data/processed/books/52621.txt,accepted,
52657,"A Treatise of Cleanness in Meats and Drinks, of the Preparation of Food, the Excellency of Good Airs, and the Benefits of Clean Sweet Beds. Also of the Generation of Bugs, and Their Cure. To Which Is Added, a Short Discourse of the Pain in the Teeth, Shewing What Cause It Does Chiefly Proceed, and Also How to Prevent It.","Tryon, Thomas, 1634-1703",en,https://www.gutenberg.org/cache/epub/52657/pg52657.txt,/home/husam/Desktop/YTU-YL/veri sıkıştırma/data-comp-project/data/processed/books/52657.txt,accepted,
52719,"Four and Twenty Fairy Tales Selected from Those of Perrault, and Other Popular Writers","Planché, J. R. (James Robinson), 1796-1880 [Translator]; Caumont de La Force, Charlotte Rose de, -1724 [Contributor]; Caylus, Anne Claude Philippe, comte de, 1692-1765 [Contributor]; Leprince de Beaumont, Jeanne-Marie, 1711-1780 [Contributor]; Lubert, Mlle de [Contributor]; Murat, Henriette-Julie de Castelnau, comtesse de, 1670-1716 [Contributor]; Perrault, Charles, 1628-1703 [Contributor]; Dalziel, Edward, 1817-1905 [Engraver]; Dalziel, George, 1815-1902 [Engraver]; Corbould, Edward Henry, 1815-1905 [Illustrator]; Godwin, James, -1876 [Illustrator]; Harvey, William, 1796-1866 [Illustrator]",en,https://www.gutenberg.org/cache/epub/52719/pg52719.txt,/home/husam/Desktop/YTU-YL/veri sıkıştırma/data-comp-project/data/processed/books/52719.txt,accepted,
52805,Where the Phph Pebbles Go,"De Ford, Miriam Allen, 1888-1975; Pederson, John [Illustrator]",en,https://www.gutenberg.org/cache/epub/52805/pg52805.txt,/home/husam/Desktop/YTU-YL/veri sıkıştırma/data-comp-project/data/processed/books/52805.txt,accepted,
52845,The Girl in His Mind,"Young, Robert F., 1915-1986; Gaughan, Jack, 1930-1985 [Illustrator]; Pederson, John [Illustrator]",en,https://www.gutenberg.org/cache/epub/52845/pg52845.txt,/home/husam/Desktop/YTU-YL/veri sıkıştırma/data-comp-project/data/processed/books/52845.txt,accepted,
52965,Brazil and the River Plate in 1868,"Hadfield, William, 1806-1887",en,https://www.gutenberg.org/cache/epub/52965/pg52965.txt,/home/husam/Desktop/YTU-YL/veri sıkıştırma/data-comp-project/data/processed/books/52965.txt,accepted,
52972,Letters from Muskoka,"King, Charles Gerrard, Mrs., 1810-1885",en,https://www.gutenberg.org/cache/epub/52972/pg52972.txt,/home/husam/Desktop/YTU-YL/veri sıkıştırma/data-comp-project/data/processed/books/52972.txt,accepted,
53200,The Camp Fire Girls by the Blue Lagoon,"Vandercook, Margaret, 1876-1958",en,https://www.gutenberg.org/cache/epub/53200/pg53200.txt,/home/husam/Desktop/YTU-YL/veri sıkıştırma/data-comp-project/data/processed/books/53200.txt,accepted,
53269,Atom Mystery [Young Atom Detective],"Coombs, Charles Ira, 1914-1994; Lewis, G. Dean [Illustrator]",en,https://www.gutenberg.org/cache/epub/53269/pg53269.txt,/home/husam/Desktop/YTU-YL/veri sıkıştırma/data-comp-project/data/processed/books/53269.txt,accepted,
53443,"Stop! A Handy Monitor, Pocket Conscience and Portable Guardian against the World, the Flesh and the Devil","Urner, Nathan Dane, 1839-1893",en,https://www.gutenberg.org/cache/epub/53443/pg53443.txt,/home/husam/Desktop/YTU-YL/veri sıkıştırma/data-comp-project/data/processed/books/53443.txt,accepted,
53626,"Shakspeare and His Times [Vol. 2 of 2] Including the Biography of the Poet; criticisms on his genius and writings; a new chronology of his plays; a disquisition on the on the object of his sonnets; and a history of the manners, customs, and amusements, superstitions, poetry, and elegant literature of his age","Drake, Nathan, 1766-1836",en,https://www.gutenberg.org/cache/epub/53626/pg53626.txt,/home/husam/Desktop/YTU-YL/veri sıkıştırma/data-comp-project/data/processed/books/53626.txt,accepted,
53648,"Trip to the West and Texas comprising a journey of eight thousand miles, through New-York, Michigan, Illinois, Missouri, Louisiana and Texas, in the autumn and winter of 1834-5.","Parker, A. A. (Amos Andrew), 1791-1893",en,https://www.gutenberg.org/cache/epub/53648/pg53648.txt,/home/husam/Desktop/YTU-YL/veri sıkıştırma/data-comp-project/data/processed/books/53648.txt,accepted,
53796,Life of Frederick Marryat,"Hannay, David, 1853-1934; Anderson, John Parker, 1841-1925 [Contributor]; Robertson, Eric S. (Eric Sutherland) [Editor]",en,https://www.gutenberg.org/cache/epub/53796/pg53796.txt,/home/husam/Desktop/YTU-YL/veri sıkıştırma/data-comp-project/data/processed/books/53796.txt,accepted,
53827,"The Hospital Bulletin, Vol. V, No. 2, April 15, 1909",Various,en,https://www.gutenberg.org/cache/epub/53827/pg53827.txt,/home/husam/Desktop/YTU-YL/veri sıkıştırma/data-comp-project/data/processed/books/53827.txt,accepted,
53940,"Haw-Ho-Noo; Or, Records of a Tourist","Lanman, Charles, 1819-1895",en,https://www.gutenberg.org/cache/epub/53940/pg53940.txt,/home/husam/Desktop/YTU-YL/veri sıkıştırma/data-comp-project/data/processed/books/53940.txt,accepted,
53986,Right Half Hollins,"Barbour, Ralph Henry, 1870-1944; Crump, Leslie, 1894-1962 [Illustrator]",en,https://www.gutenberg.org/cache/epub/53986/pg53986.txt,/home/husam/Desktop/YTU-YL/veri sıkıştırma/data-comp-project/data/processed/books/53986.txt,accepted,
54042,A Short History of the Salem Village Witchcraft Trials Illustrated by a Verbatim Report of the Trial of Mrs. Elizabeth Howe,"Perley, M. V. B.",en,https://www.gutenberg.org/cache/epub/54042/pg54042.txt,/home/husam/Desktop/YTU-YL/veri sıkıştırma/data-comp-project/data/processed/books/54042.txt,accepted,
54100,Wayfaring Men: A Novel,"Lyall, Edna, 1857-1903",en,https://www.gutenberg.org/cache/epub/54100/pg54100.txt,/home/husam/Desktop/YTU-YL/veri sıkıştırma/data-comp-project/data/processed/books/54100.txt,accepted,
54150,The Medieval Latin Hymn,"Messenger, Ruth Ellis, 1884-1964",en,https://www.gutenberg.org/cache/epub/54150/pg54150.txt,/home/husam/Desktop/YTU-YL/veri sıkıştırma/data-comp-project/data/processed/books/54150.txt,accepted,
54268,The Ocean of Theosophy,"Judge, William Quan, 1851-1896",en,https://www.gutenberg.org/cache/epub/54268/pg54268.txt,/home/husam/Desktop/YTU-YL/veri sıkıştırma/data-comp-project/data/processed/books/54268.txt,accepted,
54394,"A Biography of the Signers of the Declaration of Independence, and of Washington and Patrick Henry With an appendix, containing the Constitution of the United States, and other documents","Judson, L. Carroll (Levi Carroll)",en,https://www.gutenberg.org/cache/epub/54394/pg54394.txt,/home/husam/Desktop/YTU-YL/veri sıkıştırma/data-comp-project/data/processed/books/54394.txt,accepted,
54406,"The Religious Thought of the Greeks, from Homer to the Triumph of Christianity","Moore, Clifford Herschel, 1866-1931",en,https://www.gutenberg.org/cache/epub/54406/pg54406.txt,/home/husam/Desktop/YTU-YL/veri sıkıştırma/data-comp-project/data/processed/books/54406.txt,accepted,
54484,"Cardinal Pole; Or, The Days of Philip and Mary: An Historical Romance","Ainsworth, William Harrison, 1805-1882; Gilbert, Frederick, 1827-1902 [Illustrator]",en,https://www.gutenberg.org/cache/epub/54484/pg54484.txt,/home/husam/Desktop/YTU-YL/veri sıkıştırma/data-comp-project/data/processed/books/54484.txt,accepted,
54505,Poems,"Anderson, William, 1805-1866",en,https://www.gutenberg.org/cache/epub/54505/pg54505.txt,/home/husam/Desktop/YTU-YL/veri sıkıştırma/data-comp-project/data/processed/books/54505.txt,accepted,
54611,Mental diseases: a public health problem,"May, James Vance, 1873-1947",en,https://www.gutenberg.org/cache/epub/54611/pg54611.txt,/home/husam/Desktop/YTU-YL/veri sıkıştırma/data-comp-project/data/processed/books/54611.txt,accepted,
54653,"Picture-Writing of the American Indians Tenth Annual Report of the Bureau of Ethnology to the Secretary of the Smithsonian Institution, 1888-89, Government Printing Office, Washington, 1893, pages 3-822","Mallery, Garrick, 1831-1894",en,https://www.gutenberg.org/cache/epub/54653/pg54653.txt,/home/husam/Desktop/YTU-YL/veri sıkıştırma/data-comp-project/data/processed/books/54653.txt,accepted,
54749,Billy To-morrow's Chums,"Carr, Sarah Pratt, 1850-1935; Davison, Robert J. [Illustrator]",en,https://www.gutenberg.org/cache/epub/54749/pg54749.txt,/home/husam/Desktop/YTU-YL/veri sıkıştırma/data-comp-project/data/processed/books/54749.txt,accepted,
54789,"Poetical Works of Robert Bridges, Volume 1","Bridges, Robert, 1844-1930",en,https://www.gutenberg.org/cache/epub/54789/pg54789.txt,/home/husam/Desktop/YTU-YL/veri sıkıştırma/data-comp-project/data/processed/books/54789.txt,accepted,
54827,"Leonardo da Vinci, Pathfinder of Science","Gillette, Henry S.",en,https://www.gutenberg.org/cache/epub/54827/pg54827.txt,/home/husam/Desktop/YTU-YL/veri sıkıştırma/data-comp-project/data/processed/books/54827.txt,accepted,
54864,"Rank and Talent; A Novel, Vol. 3 (of 3)","Scargill, William Pitt, 1787-1836",en,https://www.gutenberg.org/cache/epub/54864/pg54864.txt,/home/husam/Desktop/YTU-YL/veri sıkıştırma/data-comp-project/data/processed/books/54864.txt,accepted,
54915,The Bears of Blue River,"Major, Charles, 1856-1913; Frost, A. B. (Arthur Burdett), 1851-1928 [Illustrator]",en,https://www.gutenberg.org/cache/epub/54915/pg54915.txt,/home/husam/Desktop/YTU-YL/veri sıkıştırma/data-comp-project/data/processed/books/54915.txt,accepted,
55074,The Cruise of the Sally D,"Otis, James, 1848-1912",en,https://www.gutenberg.org/cache/epub/55074/pg55074.txt,/home/husam/Desktop/YTU-YL/veri sıkıştırma/data-comp-project/data/processed/books/55074.txt,accepted,
55077,The Yellow Dove,"Gibbs, George, 1870-1942",en,https://www.gutenberg.org/cache/epub/55077/pg55077.txt,/home/husam/Desktop/YTU-YL/veri sıkıştırma/data-comp-project/data/processed/books/55077.txt,accepted,
55124,The Memoirs of François René Vicomte de Chateaubriand sometime Ambassador to England. Volume 6 (of 6) Mémoires d'outre-tombe volume 6,"Chateaubriand, François-René, vicomte de, 1768-1848; Teixeira de Mattos, Alexander, 1865-1921 [Translator]",en,https://www.gutenberg.org/cache/epub/55124/pg55124.txt,/home/husam/Desktop/YTU-YL/veri sıkıştırma/data-comp-project/data/processed/books/55124.txt,accepted,
55148,The Drums of War,"Stacpoole, H. De Vere (Henry De Vere), 1863-1951",en,https://www.gutenberg.org/cache/epub/55148/pg55148.txt,/home/husam/Desktop/YTU-YL/veri sıkıştırma/data-comp-project/data/processed/books/55148.txt,accepted,
55240,More Italian Yesterdays,"Fraser, Hugh, Mrs., 1851-1922",en,https://www.gutenberg.org/cache/epub/55240/pg55240.txt,/home/husam/Desktop/YTU-YL/veri sıkıştırma/data-comp-project/data/processed/books/55240.txt,accepted,
55249,"Daniel Boone, Backwoodsman","Forbes-Lindsay, C. H., 1860-; McKernan, Frank, 1861-1934 [Illustrator]",en,https://www.gutenberg.org/cache/epub/55249/pg55249.txt,/home/husam/Desktop/YTU-YL/veri sıkıştırma/data-comp-project/data/processed/books/55249.txt,accepted,
55285,Lives of Famous London Beggars With Forty Portraits of the Most Remarkable.,"Smith, John Thomas, 1766-1833; Douce, Francis, 1757-1834 [Author of introduction, etc.]",en,https://www.gutenberg.org/cache/epub/55285/pg55285.txt,/home/husam/Desktop/YTU-YL/veri sıkıştırma/data-comp-project/data/processed/books/55285.txt,accepted,
55306,"The Irish Penny Journal, Vol. 1 No. 45, May 8, 1841",Various,en,https://www.gutenberg.org/cache/epub/55306/pg55306.txt,/home/husam/Desktop/YTU-YL/veri sıkıştırma/data-comp-project/data/processed/books/55306.txt,accepted,
55318,"My Lattice, and Other Poems","Scott, Frederick George, 1861-1944",en,https://www.gutenberg.org/cache/epub/55318/pg55318.txt,/home/husam/Desktop/YTU-YL/veri sıkıştırma/data-comp-project/data/processed/books/55318.txt,accepted,
55337,Lady Kilpatrick,"Buchanan, Robert Williams, 1841-1901",en,https://www.gutenberg.org/cache/epub/55337/pg55337.txt,/home/husam/Desktop/YTU-YL/veri sıkıştırma/data-comp-project/data/processed/books/55337.txt,accepted,
55377,Pre-Raphaelite and other Poets,"Hearn, Lafcadio, 1850-1904; Erskine, John, 1879-1951 [Editor]",en,https://www.gutenberg.org/cache/epub/55377/pg55377.txt,/home/husam/Desktop/YTU-YL/veri sıkıştırma/data-comp-project/data/processed/books/55377.txt,accepted,
55465,The Peoples of India,"Anderson, J. D. (James Drummond), 1852-1920",en,https://www.gutenberg.org/cache/epub/55465/pg55465.txt,/home/husam/Desktop/YTU-YL/veri sıkıştırma/data-comp-project/data/processed/books/55465.txt,accepted,
55571,Whom God Hath Joined: A Question of Marriage,"Hume, Fergus, 1859-1932",en,https://www.gutenberg.org/cache/epub/55571/pg55571.txt,/home/husam/Desktop/YTU-YL/veri sıkıştırma/data-comp-project/data/processed/books/55571.txt,accepted,
55621,Humors Looking Glasse,"Rowlands, Samuel, 1570?-1630?",en,https://www.gutenberg.org/cache/epub/55621/pg55621.txt,/home/husam/Desktop/YTU-YL/veri sıkıştırma/data-comp-project/data/processed/books/55621.txt,accepted,
55779,To Herat and Cabul: A Story of the First Afghan War,"Henty, G. A. (George Alfred), 1832-1902; Sheldon, Charles Mills, 1866-1928 [Illustrator]",en,https://www.gutenberg.org/cache/epub/55779/pg55779.txt,/home/husam/Desktop/YTU-YL/veri sıkıştırma/data-comp-project/data/processed/books/55779.txt,accepted,
55815,Peggy Plays Off-Broadway,"Hughes, Virginia, 1925-; Leone, Sergio (Illustrator) [Illustrator]",en,https://www.gutenberg.org/cache/epub/55815/pg55815.txt,/home/husam/Desktop/YTU-YL/veri sıkıştırma/data-comp-project/data/processed/books/55815.txt,accepted,
55919,William Caxton,"Duff, E. Gordon (Edward Gordon), 1863-1924",en,https://www.gutenberg.org/cache/epub/55919/pg55919.txt,/home/husam/Desktop/YTU-YL/veri sıkıştırma/data-comp-project/data/processed/books/55919.txt,accepted,
55970,The Panama Canal,"Boardman, Harry Clow, 1887-1956",en,https://www.gutenberg.org/cache/epub/55970/pg55970.txt,/home/husam/Desktop/YTU-YL/veri sıkıştırma/data-comp-project/data/processed/books/55970.txt,accepted,
56140,In the Footprints of Charles Lamb,"Martin, Benjamin Ellis, 1839-1909; North, Ernest Dressel, 1858-1945 [Contributor]; Fulleylove, John, 1847-1908 [Illustrator]; Railton, Herbert, 1857-1910 [Illustrator]",en,https://www.gutenberg.org/cache/epub/56140/pg56140.txt,/home/husam/Desktop/YTU-YL/veri sıkıştırma/data-comp-project/data/processed/books/56140.txt,accepted,
56171,A Journey in Brazil,"Agassiz, Louis, 1807-1873; Agassiz, Elizabeth Cabot Cary, 1822-1907",en,https://www.gutenberg.org/cache/epub/56171/pg56171.txt,/home/husam/Desktop/YTU-YL/veri sıkıştırma/data-comp-project/data/processed/books/56171.txt,accepted,
56241,The Indian Bangle,"Hume, Fergus, 1859-1932",en,https://www.gutenberg.org/cache/epub/56241/pg56241.txt,/home/husam/Desktop/YTU-YL/veri sıkıştırma/data-comp-project/data/processed/books/56241.txt,accepted,
56260,Through Spain to the Sahara,"Betham-Edwards, Matilda, 1836-1919",en,https://www.gutenberg.org/cache/epub/56260/pg56260.txt,/home/husam/Desktop/YTU-YL/veri sıkıştırma/data-comp-project/data/processed/books/56260.txt,accepted,
56364,The Flight of Georgiana: A Story of Love and Peril in England in 1746,"Stephens, Robert Neilson, 1867-1906; Edwards, H. C. (Harry C.), 1868-1922 [Illustrator]",en,https://www.gutenberg.org/cache/epub/56364/pg56364.txt,/home/husam/Desktop/YTU-YL/veri sıkıştırma/data-comp-project/data/processed/books/56364.txt,accepted,
56397,Birds of Britain,"Bonhote, J. Lewis (John Lewis), 1875-1922; Dresser, H. E. (Henry Eeles), 1838-1915 [Illustrator]",en,https://www.gutenberg.org/cache/epub/56397/pg56397.txt,/home/husam/Desktop/YTU-YL/veri sıkıştırma/data-comp-project/data/processed/books/56397.txt,accepted,
56531,"Graham's Magazine, Vol. XXX, No. 1, January 1847","Various; Graham, George R., 1813-1894 [Editor]",en,https://www.gutenberg.org/cache/epub/56531/pg56531.txt,/home/husam/Desktop/YTU-YL/veri sıkıştırma/data-comp-project/data/processed/books/56531.txt,accepted,
56620,"Ruby Roland, the Girl Spy; or, Simon Kenton's Protege","Whittaker, Frederick, 1838-1889",en,https://www.gutenberg.org/cache/epub/56620/pg56620.txt,/home/husam/Desktop/YTU-YL/veri sıkıştırma/data-comp-project/data/processed/books/56620.txt,accepted,
56822,The Philosophy of Mystery,"Dendy, Walter Cooper, 1794-1871",en,https://www.gutenberg.org/cache/epub/56822/pg56822.txt,/home/husam/Desktop/YTU-YL/veri sıkıştırma/data-comp-project/data/processed/books/56822.txt,accepted,
56881,Forged Egyptian Antiquities,"Wakeling, T. G.",en,https://www.gutenberg.org/cache/epub/56881/pg56881.txt,/home/husam/Desktop/YTU-YL/veri sıkıştırma/data-comp-project/data/processed/books/56881.txt,accepted,
56895,A Yankee Flier in the Far East,"Montgomery, Rutherford G. (Rutherford George), 1896-1985; Laune, Paul, 1899-1977 [Illustrator]",en,https://www.gutenberg.org/cache/epub/56895/pg56895.txt,/home/husam/Desktop/YTU-YL/veri sıkıştırma/data-comp-project/data/processed/books/56895.txt,accepted,
56946,St Nicotine of the Peace Pipe,"Heward, Edward Vincent",en,https://www.gutenberg.org/cache/epub/56946/pg56946.txt,/home/husam/Desktop/YTU-YL/veri sıkıştırma/data-comp-project/data/processed/books/56946.txt,accepted,
57099,Miss Crespigny,"Burnett, Frances Hodgson, 1849-1924",en,https://www.gutenberg.org/cache/epub/57099/pg57099.txt,/home/husam/Desktop/YTU-YL/veri sıkıştırma/data-comp-project/data/processed/books/57099.txt,accepted,
57194,Scott Burton on the Range,"Cheyney, Edward G. (Edward Gheen), 1878-1950",en,https://www.gutenberg.org/cache/epub/57194/pg57194.txt,/home/husam/Desktop/YTU-YL/veri sıkıştırma/data-comp-project/data/processed/books/57194.txt,accepted,
57442,"Royalty in All Ages The Amusements, Eccentricities, Accomplishments, Superstitions and Frolics of the Kings and Queens of Europe","Thiselton-Dyer, T. F. (Thomas Firminger), 1848-1923",en,https://www.gutenberg.org/cache/epub/57442/pg57442.txt,/home/husam/Desktop/YTU-YL/veri sıkıştırma/data-comp-project/data/processed/books/57442.txt,accepted,
57570,"Famous composers and their works, Vol. 2","Paine, John Knowles, 1839-1906 [Editor]; Klauser, Karl, 1823-1905 [Editor]; Thomas, Theodore, 1835-1905 [Editor]",en,https://www.gutenberg.org/cache/epub/57570/pg57570.txt,/home/husam/Desktop/YTU-YL/veri sıkıştırma/data-comp-project/data/processed/books/57570.txt,accepted,
57603,A daughter of Jehu,"Richards, Laura Elizabeth Howe, 1850-1943; Caswell, Edward C., 1879-1963 [Illustrator]",en,https://www.gutenberg.org/cache/epub/57603/pg57603.txt,/home/husam/Desktop/YTU-YL/veri sıkıştırma/data-comp-project/data/processed/books/57603.txt,accepted,
57639,"Pumps and Hydraulics, Part 2 (of 2)","Hawkins, N. (Nehemiah), 1833-1928",en,https://www.gutenberg.org/cache/epub/57639/pg57639.txt,/home/husam/Desktop/YTU-YL/veri sıkıştırma/data-comp-project/data/processed/books/57639.txt,accepted,
57659,Iceland: Horseback tours in saga land,"Russell, W. S. C. (Waterman Spaulding Chapman), 1871-1918",en,https://www.gutenberg.org/cache/epub/57659/pg57659.txt,/home/husam/Desktop/YTU-YL/veri sıkıştırma/data-comp-project/data/processed/books/57659.txt,accepted,
57708,Index of the Project Gutenberg Works of Alfred Henry Lewis,"Lewis, Alfred Henry, 1857-1914; Widger, David, 1932-2021? [Editor]",en,https://www.gutenberg.org/cache/epub/57708/pg57708.txt,/home/husam/Desktop/YTU-YL/veri sıkıştırma/data-comp-project/data/processed/books/57708.txt,accepted,
57791,The Details of the Rocket System,"Congreve, William, Sir, 1772-1828",en,https://www.gutenberg.org/cache/epub/57791/pg57791.txt,/home/husam/Desktop/YTU-YL/veri sıkıştırma/data-comp-project/data/processed/books/57791.txt,accepted,
57905,Adventures in Holland and at Waterloo; and Expedition to Portugal,"Knight, Thomas",en,https://www.gutenberg.org/cache/epub/57905/pg57905.txt,/home/husam/Desktop/YTU-YL/veri sıkıştırma/data-comp-project/data/processed/books/57905.txt,accepted,
58057,Modern Magic: A Practical Treatise on the Art of Conjuring,"Hoffmann, Professor, 1839-1919",en,https://www.gutenberg.org/cache/epub/58057/pg58057.txt,/home/husam/Desktop/YTU-YL/veri sıkıştırma/data-comp-project/data/processed/books/58057.txt,accepted,
58062,"The Preacher's Complete Homiletic Commentary on the Books of the Bible, Volume 15 (of 32) The Preacher's Complete Homiletic Commentary on the Book of the Prophet Isaiah, Volume I","Bertram, Robert Aitkin, 1836-1886; Tucker, Alfred, 1849-1914",en,https://www.gutenberg.org/cache/epub/58062/pg58062.txt,/home/husam/Desktop/YTU-YL/veri sıkıştırma/data-comp-project/data/processed/books/58062.txt,accepted,
58102,Representative British Orations Volume 4 (of 4) With Introductions and Explanatory Notes,"Alden, John B. (John Berry), 1847-1924 [Editor]",en,https://www.gutenberg.org/cache/epub/58102/pg58102.txt,/home/husam/Desktop/YTU-YL/veri sıkıştırma/data-comp-project/data/processed/books/58102.txt,accepted,
58243,"The Korea Review, Vol. 5 No. 5, May 1905","Various; Hulbert, Homer B. (Homer Bezaleel), 1863-1949 [Editor]",en,https://www.gutenberg.org/cache/epub/58243/pg58243.txt,/home/husam/Desktop/YTU-YL/veri sıkıştırma/data-comp-project/data/processed/books/58243.txt,accepted,
58344,Siddhartha: A Poem of India,"Hesse, Hermann, 1877-1962; Wyllie, David (Translator) [Translator]",en,https://www.gutenberg.org/cache/epub/58344/pg58344.txt,/home/husam/Desktop/YTU-YL/veri sıkıştırma/data-comp-project/data/processed/books/58344.txt,accepted,
58436,Multitude and Solitude,"Masefield, John, 1878-1967",en,https://www.gutenberg.org/cache/epub/58436/pg58436.txt,/home/husam/Desktop/YTU-YL/veri sıkıştırma/data-comp-project/data/processed/books/58436.txt,accepted,
58493,"The American Bee Journal, Volume XXXIII, No. 2, January 11, 1894","Various; York, George W. [Editor]",en,https://www.gutenberg.org/cache/epub/58493/pg58493.txt,/home/husam/Desktop/YTU-YL/veri sıkıştırma/data-comp-project/data/processed/books/58493.txt,accepted,
58602,"A Treatise on Fractures, Luxations, and Other Affections of the Bones","Desault, P.-J. (Pierre-Joseph), 1738-1795; Bichat, Xavier, 1771-1802 [Editor]; Caldwell, Charles, 1772-1853 [Translator]",en,https://www.gutenberg.org/cache/epub/58602/pg58602.txt,/home/husam/Desktop/YTU-YL/veri sıkıştırma/data-comp-project/data/processed/books/58602.txt,accepted,
58673,It Takes a Thief,"Miller, Walter M., 1923-1996",en,https://www.gutenberg.org/cache/epub/58673/pg58673.txt,/home/husam/Desktop/YTU-YL/veri sıkıştırma/data-comp-project/data/processed/books/58673.txt,accepted,
58988,"Character Sketches of Romance, Fiction, and the Drama, Vol. 4 A Revised American Edition of the Reader's Handbook","Brewer, Ebenezer Cobham, 1810-1897; Harland, Marion, 1830-1922 [Editor]",en,https://www.gutenberg.org/cache/epub/58988/pg58988.txt,/home/husam/Desktop/YTU-YL/veri sıkıştırma/data-comp-project/data/processed/books/58988.txt,accepted,
59033,"Popular Romances of the West of England, Second Series or, The Drolls, Traditions, and Superstitions of Old Cornwall","Hunt, Robert, 1807-1887",en,https://www.gutenberg.org/cache/epub/59033/pg59033.txt,/home/husam/Desktop/YTU-YL/veri sıkıştırma/data-comp-project/data/processed/books/59033.txt,accepted,
59227,Index of the Project Gutenberg Works of Charlotte Perkins Gilman,"Gilman, Charlotte Perkins, 1860-1935; Widger, David, 1932-2021? [Editor]",en,https://www.gutenberg.org/cache/epub/59227/pg59227.txt,/home/husam/Desktop/YTU-YL/veri sıkıştırma/data-comp-project/data/processed/books/59227.txt,accepted,
59239,The Flying Inn,"Chesterton, G. K. (Gilbert Keith), 1874-1936",en,https://www.gutenberg.org/cache/epub/59239/pg59239.txt,/home/husam/Desktop/YTU-YL/veri sıkıştırma/data-comp-project/data/processed/books/59239.txt,accepted,
59347,Circe's Daughter,"Craven, Priscilla",en,https://www.gutenberg.org/cache/epub/59347/pg59347.txt,/home/husam/Desktop/YTU-YL/veri sıkıştırma/data-comp-project/data/processed/books/59347.txt,accepted,
59371,"The Girl's Own Paper, Vol. XX. No. 1011, May 13, 1899",Various,en,https://www.gutenberg.org/cache/epub/59371/pg59371.txt,/home/husam/Desktop/YTU-YL/veri sıkıştırma/data-comp-project/data/processed/books/59371.txt,accepted,
59403,Jekyll-Hyde Planet,"Lewis, Jack",en,https://www.gutenberg.org/cache/epub/59403/pg59403.txt,/home/husam/Desktop/YTU-YL/veri sıkıştırma/data-comp-project/data/processed/books/59403.txt,accepted,
59404,The Drivers,"Ludwig, Edward W., 1920-1990; Hunter, Mel, 1927-2004 [Illustrator]",en,https://www.gutenberg.org/cache/epub/59404/pg59404.txt,/home/husam/Desktop/YTU-YL/veri sıkıştırma/data-comp-project/data/processed/books/59404.txt,accepted,
59407,Index of the Project Gutenberg Works of James De Mille,"De Mille, James, 1833-1880; Widger, David, 1932-2021? [Editor]",en,https://www.gutenberg.org/cache/epub/59407/pg59407.txt,/home/husam/Desktop/YTU-YL/veri sıkıştırma/data-comp-project/data/processed/books/59407.txt,accepted,
59473,The Story of Dutch Painting,"Caffin, Charles H. (Charles Henry), 1854-1918",en,https://www.gutenberg.org/cache/epub/59473/pg59473.txt,/home/husam/Desktop/YTU-YL/veri sıkıştırma/data-comp-project/data/processed/books/59473.txt,accepted,
59485,Wintering Bees in Cellars,"Phillips, Everett Franklin, 1878-1951; Demuth, Geo. S. (George S.), 1871-1934",en,https://www.gutenberg.org/cache/epub/59485/pg59485.txt,/home/husam/Desktop/YTU-YL/veri sıkıştırma/data-comp-project/data/processed/books/59485.txt,accepted,
59505,Sales Resistance,"Still, Henry, 1920-; Emshwiller, Ed, 1925-1990 [Illustrator]",en,https://www.gutenberg.org/cache/epub/59505/pg59505.txt,/home/husam/Desktop/YTU-YL/veri sıkıştırma/data-comp-project/data/processed/books/59505.txt,accepted,
59510,Dr. Southwood Smith: A Retrospect,"Lewes, Gertrude Hill",en,https://www.gutenberg.org/cache/epub/59510/pg59510.txt,/home/husam/Desktop/YTU-YL/veri sıkıştırma/data-comp-project/data/processed/books/59510.txt,accepted,
59587,Corbow's Theory,"Wallot, Lee; Hunter, Mel, 1927-2004 [Illustrator]",en,https://www.gutenberg.org/cache/epub/59587/pg59587.txt,/home/husam/Desktop/YTU-YL/veri sıkıştırma/data-comp-project/data/processed/books/59587.txt,accepted,
59693,The Old Goat,"Fontenay, Charles L., 1917-2007",en,https://www.gutenberg.org/cache/epub/59693/pg59693.txt,/home/husam/Desktop/YTU-YL/veri sıkıştırma/data-comp-project/data/processed/books/59693.txt,accepted,
59791,The Writing of News A Handbook with Chapters on Newspaper Correspondence and Copy Reading,"Ross, Charles G. (Charles Griffith), 1885-1950",en,https://www.gutenberg.org/cache/epub/59791/pg59791.txt,/home/husam/Desktop/YTU-YL/veri sıkıştırma/data-comp-project/data/processed/books/59791.txt,accepted,
59851,The Chaldean Magician An Adventure in Rome in the Reign of the Emperor Diocletian,"Eckstein, Ernst, 1845-1900; Safford, Mary J. (Mary Joanna), 1842-1916 [Translator]",en,https://www.gutenberg.org/cache/epub/59851/pg59851.txt,/home/husam/Desktop/YTU-YL/veri sıkıştırma/data-comp-project/data/processed/books/59851.txt,accepted,
60172,"Harper's Round Table, December 22, 1896",Various,en,https://www.gutenberg.org/cache/epub/60172/pg60172.txt,/home/husam/Desktop/YTU-YL/veri sıkıştırma/data-comp-project/data/processed/books/60172.txt,accepted,
60196,Full Speed Ahead: Tales from the Log of a Correspondent with Our Navy,"Beston, Henry, 1888-1968",en,https://www.gutenberg.org/cache/epub/60196/pg60196.txt,/home/husam/Desktop/YTU-YL/veri sıkıştırma/data-comp-project/data/processed/books/60196.txt,accepted,
60244,"Larry Dexter, Reporter; Or, Strange Adventures in a Great City","Garis, Howard Roger, 1873-1962",en,https://www.gutenberg.org/cache/epub/60244/pg60244.txt,/home/husam/Desktop/YTU-YL/veri sıkıştırma/data-comp-project/data/processed/books/60244.txt,accepted,
60248,The Messiah of the Cylinder,"Emanuel, V. R. (Victor Rousseau), 1879-1960; Coll, Joseph Clement, 1881-1921 [Illustrator]",en,https://www.gutenberg.org/cache/epub/60248/pg60248.txt,/home/husam/Desktop/YTU-YL/veri sıkıştırma/data-comp-project/data/processed/books/60248.txt,accepted,
60297,The World Above: A Duologue,"Crow, Martha Foote, 1854-1924",en,https://www.gutenberg.org/cache/epub/60297/pg60297.txt,/home/husam/Desktop/YTU-YL/veri sıkıştırma/data-comp-project/data/processed/books/60297.txt,accepted,
60313,Agriculture of the Hidatsa Indians: An Indian Interpretation,"Waheenee, 1839?-1932; Wilson, Gilbert Livingstone, 1868-1930; Jenks, Albert Ernest, 1869-1953 [Author of introduction, etc.]; Goodbird, Edward, 1869- [Contributor]",en,https://www.gutenberg.org/cache/epub/60313/pg60313.txt,/home/husam/Desktop/YTU-YL/veri sıkıştırma/data-comp-project/data/processed/books/60313.txt,accepted,
60363,Ninth Cavalry: One Hundred and Twenty-first Regiment Indiana Volunteers,"Comstock, Daniel Webster, 1840-1917",en,https://www.gutenberg.org/cache/epub/60363/pg60363.txt,/home/husam/Desktop/YTU-YL/veri sıkıştırma/data-comp-project/data/processed/books/60363.txt,accepted,
60472,London Clubs: Their History & Treasures,"Nevill, Ralph, 1865-1930",en,https://www.gutenberg.org/cache/epub/60472/pg60472.txt,/home/husam/Desktop/YTU-YL/veri sıkıştırma/data-comp-project/data/processed/books/60472.txt,accepted,
60726,Summer Guests,"Schmitz, James H., 1911-1981; Wood, Wallace, 1927-1981 [Illustrator]",en,https://www.gutenberg.org/cache/epub/60726/pg60726.txt,/home/husam/Desktop/YTU-YL/veri sıkıştırma/data-comp-project/data/processed/books/60726.txt,accepted,
60762,The Divers,"Stamers, James; Wood, Wallace, 1927-1981 [Illustrator]",en,https://www.gutenberg.org/cache/epub/60762/pg60762.txt,/home/husam/Desktop/YTU-YL/veri sıkıştırma/data-comp-project/data/processed/books/60762.txt,accepted,
60831,"Between Heathenism and Christianity Being a translation of Seneca's De Providentia, and Plutarch's De sera numinis vindicta, together with notes, additional extracts from these writers and two essays on Graeco-Roman life in the first century after Christ.","Super, Charles William, 1842-1939; Plutarch, 46-120?; Seneca, Lucius Annaeus, 5? BCE-65",en,https://www.gutenberg.org/cache/epub/60831/pg60831.txt,/home/husam/Desktop/YTU-YL/veri sıkıştırma/data-comp-project/data/processed/books/60831.txt,accepted,
60853,Rachel Jackson,"Stokes, Nellie Treanor",en,https://www.gutenberg.org/cache/epub/60853/pg60853.txt,/home/husam/Desktop/YTU-YL/veri sıkıştırma/data-comp-project/data/processed/books/60853.txt,accepted,
60903,"The Bradys' Race for Life; or, Rounding Up a Tough Trio: A Detective Story of Life","Doughty, Francis Worcester, 1850-1917",en,https://www.gutenberg.org/cache/epub/60903/pg60903.txt,/home/husam/Desktop/YTU-YL/veri sıkıştırma/data-comp-project/data/processed/books/60903.txt,accepted,
60912,On the Training of Parents,"Abbott, Ernest Hamlin, 1870-1931",en,https://www.gutenberg.org/cache/epub/60912/pg60912.txt,/home/husam/Desktop/YTU-YL/veri sıkıştırma/data-comp-project/data/processed/books/60912.txt,accepted,
60957,The Court of Chancery: a satirical poem.,"Blewitt, Reginald James, 1799-1878",en,https://www.gutenberg.org/cache/epub/60957/pg60957.txt,/home/husam/Desktop/YTU-YL/veri sıkıştırma/data-comp-project/data/processed/books/60957.txt,accepted,
61267,The Surgery of the Skull and Brain,"Rawling, Louis Bathe",en,https://www.gutenberg.org/cache/epub/61267/pg61267.txt,/home/husam/Desktop/YTU-YL/veri sıkıştırma/data-comp-project/data/processed/books/61267.txt,accepted,
61317,Reflections on the painting and sculpture of the Greeks,"Winckelmann, Johann Joachim, 1717-1768; Fuseli, Henry, 1741-1825 [Translator]",en,https://www.gutenberg.org/cache/epub/61317/pg61317.txt,/home/husam/Desktop/YTU-YL/veri sıkıştırma/data-comp-project/data/processed/books/61317.txt,accepted,
61348,"Life of Edwin Forrest, the American Tragedian. Volume 1 (of 2)","Alger, William Rounseville, 1822-1905; Alger, Horatio, Jr., 1832-1899",en,https://www.gutenberg.org/cache/epub/61348/pg61348.txt,/home/husam/Desktop/YTU-YL/veri sıkıştırma/data-comp-project/data/processed/books/61348.txt,accepted,
61384,Anglo-Saxon Solidarity,"Gibbons, Herbert Adams, 1880-1934",en,https://www.gutenberg.org/cache/epub/61384/pg61384.txt,/home/husam/Desktop/YTU-YL/veri sıkıştırma/data-comp-project/data/processed/books/61384.txt,accepted,
61424,The Customs Lounge,"Proulx, Annie, 1935-",en,https://www.gutenberg.org/cache/epub/61424/pg61424.txt,/home/husam/Desktop/YTU-YL/veri sıkıştırma/data-comp-project/data/processed/books/61424.txt,accepted,
61536,"The Dark Ages, 476-918","Oman, Charles, 1860-1946",en,https://www.gutenberg.org/cache/epub/61536/pg61536.txt,/home/husam/Desktop/YTU-YL/veri sıkıştırma/data-comp-project/data/processed/books/61536.txt,accepted,
61672,Handbook for Light Artillery,"Dyer, A. B. (Alexander Brydie), 1852-1920",en,https://www.gutenberg.org/cache/epub/61672/pg61672.txt,/home/husam/Desktop/YTU-YL/veri sıkıştırma/data-comp-project/data/processed/books/61672.txt,accepted,
61861,Old London Street Cries and the Cries of To-day With Heaps of Quaint Cuts Including Hand-coloured Frontispiece,"Tuer, Andrew White, 1838-1900",en,https://www.gutenberg.org/cache/epub/61861/pg61861.txt,/home/husam/Desktop/YTU-YL/veri sıkıştırma/data-comp-project/data/processed/books/61861.txt,accepted,
61911,The Oxbow Wizard,"Roberts, Theodore Goodridge, 1877-1953",en,https://www.gutenberg.org/cache/epub/61911/pg61911.txt,/home/husam/Desktop/YTU-YL/veri sıkıştırma/data-comp-project/data/processed/books/61911.txt,accepted,
61949,The Impending Sword: A Novel (Vol. 1 of 3),"Yates, Edmund, 1831-1894",en,https://www.gutenberg.org/cache/epub/61949/pg61949.txt,/home/husam/Desktop/YTU-YL/veri sıkıştırma/data-comp-project/data/processed/books/61949.txt,accepted,
61952,Spawn of the Venus Sea,"Walton, Harry; Morey, Leo, 1889-1965 [Illustrator]",en,https://www.gutenberg.org/cache/epub/61952/pg61952.txt,/home/husam/Desktop/YTU-YL/veri sıkıştırma/data-comp-project/data/processed/books/61952.txt,accepted,
61967,The Star of Satan,"Hasse, Henry, 1913-1977; Bok, Hannes, 1914-1964 [Illustrator]",en,https://www.gutenberg.org/cache/epub/61967/pg61967.txt,/home/husam/Desktop/YTU-YL/veri sıkıştırma/data-comp-project/data/processed/books/61967.txt,accepted,
62052,Bailey's Dam,"Smith, Steven D., 1951-; Castille, George J., 1950-",en,https://www.gutenberg.org/cache/epub/62052/pg62052.txt,/home/husam/Desktop/YTU-YL/veri sıkıştırma/data-comp-project/data/processed/books/62052.txt,accepted,
62086,Thackeray,"Chesterton, G. K. (Gilbert Keith), 1874-1936; Melville, Lewis, 1874-1932",en,https://www.gutenberg.org/cache/epub/62086/pg62086.txt,/home/husam/Desktop/YTU-YL/veri sıkıştırma/data-comp-project/data/processed/books/62086.txt,accepted,
62214,The proposed union of the telegraph and postal systems Statement of the Western Union Telegraph Company,Western Union Telegraph Company,en,https://www.gutenberg.org/cache/epub/62214/pg62214.txt,/home/husam/Desktop/YTU-YL/veri sıkıştırma/data-comp-project/data/processed/books/62214.txt,accepted,
62223,"Plain Parochial Sermons, preached in the Parish Church of Bolton-le-Moors","Slade, James, 1783-1860",en,https://www.gutenberg.org/cache/epub/62223/pg62223.txt,/home/husam/Desktop/YTU-YL/veri sıkıştırma/data-comp-project/data/processed/books/62223.txt,accepted,
62235,Preserving Louisiana's Legacy: Everyone Can Help,"Hawkins, Nancy W.",en,https://www.gutenberg.org/cache/epub/62235/pg62235.txt,/home/husam/Desktop/YTU-YL/veri sıkıştırma/data-comp-project/data/processed/books/62235.txt,accepted,
62287,"The Collector's Guide, No. 17, January 1940 A monthly periodical devoted to first editions, Americana, autographs, old newspapers and magazines, sheet music, playbills, dime novels, current auction prices, etc.","Various; Madison, James, 1870-1943 [Editor]",en,https://www.gutenberg.org/cache/epub/62287/pg62287.txt,/home/husam/Desktop/YTU-YL/veri sıkıştırma/data-comp-project/data/processed/books/62287.txt,accepted,
62297,The Patchwork Papers,"Thurston, E. Temple (Ernest Temple), 1879-1933",en,https://www.gutenberg.org/cache/epub/62297/pg62297.txt,/home/husam/Desktop/YTU-YL/veri sıkıştırma/data-comp-project/data/processed/books/62297.txt,accepted,
62308,The oak and the briony,Anonymous,en,https://www.gutenberg.org/cache/epub/62308/pg62308.txt,/home/husam/Desktop/YTU-YL/veri sıkıştırma/data-comp-project/data/processed/books/62308.txt,accepted,
62448,The Life of David Belasco; Vol. 1,"Winter, William, 1836-1917; Winter, William Jefferson, 1878-1929",en,https://www.gutenberg.org/cache/epub/62448/pg62448.txt,/home/husam/Desktop/YTU-YL/veri sıkıştırma/data-comp-project/data/processed/books/62448.txt,accepted,
62455,Guest the One-Eyed,"Gunnarsson, Gunnar, 1889-1975; Worster, W. J. Alexander (William John Alexander), 1882-1929 [Translator]",en,https://www.gutenberg.org/cache/epub/62455/pg62455.txt,/home/husam/Desktop/YTU-YL/veri sıkıştırma/data-comp-project/data/processed/books/62455.txt,accepted,
62516,Agatha's Aunt,"Smith, Harriet L. (Harriet Lummis), 1866-1947",en,https://www.gutenberg.org/cache/epub/62516/pg62516.txt,/home/husam/Desktop/YTU-YL/veri sıkıştırma/data-comp-project/data/processed/books/62516.txt,accepted,
62619,The Avenger,"Knight, Damon, 1922-2002; Ingels, Graham, 1915-1991 [Illustrator]",en,https://www.gutenberg.org/cache/epub/62619/pg62619.txt,/home/husam/Desktop/YTU-YL/veri sıkıştırma/data-comp-project/data/processed/books/62619.txt,accepted,
62621,"Memorials of Shrewsbury being a concise description of the town and its environs, adapted as a general guide for the information of visitors and residents","Pidgeon, Henry",en,https://www.gutenberg.org/cache/epub/62621/pg62621.txt,/home/husam/Desktop/YTU-YL/veri sıkıştırma/data-comp-project/data/processed/books/62621.txt,accepted,
62664,Three little lines,"Crum, Josie Moore, 1888-1972",en,https://www.gutenberg.org/cache/epub/62664/pg62664.txt,/home/husam/Desktop/YTU-YL/veri sıkıştırma/data-comp-project/data/processed/books/62664.txt,accepted,
62947,The Balkan Trail,"Moore, Frederick Ferdinand, 1881-1947; Holiday, Gilbert, 1879-1937 [Illustrator]",en,https://www.gutenberg.org/cache/epub/62947/pg62947.txt,/home/husam/Desktop/YTU-YL/veri sıkıştırma/data-comp-project/data/processed/books/62947.txt,accepted,
63107,Mrs Dalloway in Bond Street,"Woolf, Virginia, 1882-1941",en,https://www.gutenberg.org/cache/epub/63107/pg63107.txt,/home/husam/Desktop/YTU-YL/veri sıkıştırma/data-comp-project/data/processed/books/63107.txt,accepted,
63162,"The Haven Children; or, Frolics at the Funny Old House on Funny Street","Foster, Emilie, 1834-",en,https://www.gutenberg.org/cache/epub/63162/pg63162.txt,/home/husam/Desktop/YTU-YL/veri sıkıştırma/data-comp-project/data/processed/books/63162.txt,accepted,
63230,Two Stories,"Woolf, Virginia, 1882-1941; Woolf, Leonard, 1880-1969; Carrington, Dora de Houghton, 1893-1932 [Illustrator]",en,https://www.gutenberg.org/cache/epub/63230/pg63230.txt,/home/husam/Desktop/YTU-YL/veri sıkıştırma/data-comp-project/data/processed/books/63230.txt,accepted,
63280,Four Lectures on the English Revolution,"Green, Thomas Hill, 1836-1882; Nettleship, Richard Lewis, 1846-1892 [Editor]",en,https://www.gutenberg.org/cache/epub/63280/pg63280.txt,/home/husam/Desktop/YTU-YL/veri sıkıştırma/data-comp-project/data/processed/books/63280.txt,accepted,
63372,"Einstein's Theories of Relativity and Gravitation A selection of material from the essays submitted in the competition for the Eugene Higgins prize of $5,000","Bird, J. Malcolm (James Malcolm), 1886-1964; Einstein, Albert, 1879-1955 [Other]",en,https://www.gutenberg.org/cache/epub/63372/pg63372.txt,/home/husam/Desktop/YTU-YL/veri sıkıştırma/data-comp-project/data/processed/books/63372.txt,accepted,
63562,Harry Joscelyn; vol. 3 of 3,"Oliphant, Mrs. (Margaret), 1828-1897",en,https://www.gutenberg.org/cache/epub/63562/pg63562.txt,/home/husam/Desktop/YTU-YL/veri sıkıştırma/data-comp-project/data/processed/books/63562.txt,accepted,
63582,Oliver's Bride; A true Story,"Oliphant, Mrs. (Margaret), 1828-1897",en,https://www.gutenberg.org/cache/epub/63582/pg63582.txt,/home/husam/Desktop/YTU-YL/veri sıkıştırma/data-comp-project/data/processed/books/63582.txt,accepted,
63583,Indians of Louisiana,Inter-tribal Council of Louisiana,en,https://www.gutenberg.org/cache/epub/63583/pg63583.txt,/home/husam/Desktop/YTU-YL/veri sıkıştırma/data-comp-project/data/processed/books/63583.txt,accepted,
63681,Tama,"Watanna, Onoto, 1875-1954; Yeto, Genjiro, 1867-1924 [Illustrator]",en,https://www.gutenberg.org/cache/epub/63681/pg63681.txt,/home/husam/Desktop/YTU-YL/veri sıkıştırma/data-comp-project/data/processed/books/63681.txt,accepted,
63797,Dawn of the Demigods,"Gallun, Raymond Z. (Raymond Zinke), 1911-1994; Vestal, Herman B., 1916-2007 [Illustrator]",en,https://www.gutenberg.org/cache/epub/63797/pg63797.txt,/home/husam/Desktop/YTU-YL/veri sıkıştırma/data-comp-project/data/processed/books/63797.txt,accepted,
63814,The Dry Collodion Process,"Long, Charles A.",en,https://www.gutenberg.org/cache/epub/63814/pg63814.txt,/home/husam/Desktop/YTU-YL/veri sıkıştırma/data-comp-project/data/processed/books/63814.txt,accepted,
63822,"The Trinity Archive, Vol. I, No. 6, April 1888","Trinity College (Randolph County, N.C.)",en,https://www.gutenberg.org/cache/epub/63822/pg63822.txt,/home/husam/Desktop/YTU-YL/veri sıkıştırma/data-comp-project/data/processed/books/63822.txt,accepted,
63919,Captain Chaos,"Morrissey, D. Allen; Pike, Jay Scott, 1924-2015 [Illustrator]",en,https://www.gutenberg.org/cache/epub/63919/pg63919.txt,/home/husam/Desktop/YTU-YL/veri sıkıştırma/data-comp-project/data/processed/books/63919.txt,accepted,
63945,Poison Planet,"Oberfield, William; Vestal, Herman B., 1916-2007 [Illustrator]",en,https://www.gutenberg.org/cache/epub/63945/pg63945.txt,/home/husam/Desktop/YTU-YL/veri sıkıştırma/data-comp-project/data/processed/books/63945.txt,accepted,
64039,The Blue Balloon: A Tale of the Shenandoah Valley,"Horsley, Reginald, 1863-1926; Stacey, W. S. (Walter S.), 1846-1929 [Illustrator]",en,https://www.gutenberg.org/cache/epub/64039/pg64039.txt,/home/husam/Desktop/YTU-YL/veri sıkıştırma/data-comp-project/data/processed/books/64039.txt,accepted,
64210,Types of Prose Narratives: A Text-Book for the Story Writer,"Fansler, Harriott Ely",en,https://www.gutenberg.org/cache/epub/64210/pg64210.txt,/home/husam/Desktop/YTU-YL/veri sıkıştırma/data-comp-project/data/processed/books/64210.txt,accepted,
64233,"The postage stamps, envelopes, wrappers and post cards of the North American colonies of Great Britain","Philatelic Society (London, England) [Compiler]",en,https://www.gutenberg.org/cache/epub/64233/pg64233.txt,/home/husam/Desktop/YTU-YL/veri sıkıştırma/data-comp-project/data/processed/books/64233.txt,accepted,
64485,The Origin of the Mound Builders,"Coffin, Alfred Oscar, 1861-1933",en,https://www.gutenberg.org/cache/epub/64485/pg64485.txt,/home/husam/Desktop/YTU-YL/veri sıkıştırma/data-comp-project/data/processed/books/64485.txt,accepted,
64631,Let the Ants Try,"Pohl, Frederik, 1919-2013",en,https://www.gutenberg.org/cache/epub/64631/pg64631.txt,/home/husam/Desktop/YTU-YL/veri sıkıştırma/data-comp-project/data/processed/books/64631.txt,accepted,
64640,Machine of Klamugra,"Lang, Allen Kim, 1928-; Mayan, Earl, 1916-2009 [Illustrator]",en,https://www.gutenberg.org/cache/epub/64640/pg64640.txt,/home/husam/Desktop/YTU-YL/veri sıkıştırma/data-comp-project/data/processed/books/64640.txt,accepted,
64692,Australian Essays,"Adams, Francis, 1862-1893",en,https://www.gutenberg.org/cache/epub/64692/pg64692.txt,/home/husam/Desktop/YTU-YL/veri sıkıştırma/data-comp-project/data/processed/books/64692.txt,accepted,
64710,Hostage of Tomorrow,"Abernathy, Robert, 1924-1990; Mayan, Earl, 1916-2009 [Illustrator]",en,https://www.gutenberg.org/cache/epub/64710/pg64710.txt,/home/husam/Desktop/YTU-YL/veri sıkıştırma/data-comp-project/data/processed/books/64710.txt,accepted,
64837,Selections From Josephus,"Josephus, Flavius, 38?-100?; Thackeray, H. St. J. (Henry St. John), 1869?-1930 [Translator]",en,https://www.gutenberg.org/cache/epub/64837/pg64837.txt,/home/husam/Desktop/YTU-YL/veri sıkıştırma/data-comp-project/data/processed/books/64837.txt,accepted,
64940,"The Fantasy Fan, Volume 2, Number 2, October 1934 The Fan's Own Magazine","Various; Hornig, Charles D., 1916-1999 [Editor]",en,https://www.gutenberg.org/cache/epub/64940/pg64940.txt,/home/husam/Desktop/YTU-YL/veri sıkıştırma/data-comp-project/data/processed/books/64940.txt,accepted,
65047,"The British Campaign in France and Flanders—July to November, 1918","Doyle, Arthur Conan, 1859-1930",en,https://www.gutenberg.org/cache/epub/65047/pg65047.txt,/home/husam/Desktop/YTU-YL/veri sıkıştırma/data-comp-project/data/processed/books/65047.txt,accepted,
65135,Jean Craig in New York,"Lyttleton, Kay",en,https://www.gutenberg.org/cache/epub/65135/pg65135.txt,/home/husam/Desktop/YTU-YL/veri sıkıştırma/data-comp-project/data/processed/books/65135.txt,accepted,
65192,How to live: A manual of hygiene for use in the schools of the Philippine islands,"Knapp, Adeline, 1860-1909",en,https://www.gutenberg.org/cache/epub/65192/pg65192.txt,/home/husam/Desktop/YTU-YL/veri sıkıştırma/data-comp-project/data/processed/books/65192.txt,accepted,
65237,The Secret Play,"Barbour, Ralph Henry, 1870-1944; Rockwell, Norman, 1894-1978 [Illustrator]",en,https://www.gutenberg.org/cache/epub/65237/pg65237.txt,/home/husam/Desktop/YTU-YL/veri sıkıştırma/data-comp-project/data/processed/books/65237.txt,accepted,
65278,A Tract on Monetary Reform,"Keynes, John Maynard, 1883-1946",en,https://www.gutenberg.org/cache/epub/65278/pg65278.txt,/home/husam/Desktop/YTU-YL/veri sıkıştırma/data-comp-project/data/processed/books/65278.txt,accepted,
65324,The Old Way,"Marlowe, Stephen, 1928-2008",en,https://www.gutenberg.org/cache/epub/65324/pg65324.txt,/home/husam/Desktop/YTU-YL/veri sıkıştırma/data-comp-project/data/processed/books/65324.txt,accepted,
65378,Reality Unlimited,"Silverberg, Robert, 1935-",en,https://www.gutenberg.org/cache/epub/65378/pg65378.txt,/home/husam/Desktop/YTU-YL/veri sıkıştırma/data-comp-project/data/processed/books/65378.txt,accepted,
65456,"Life of James Mars, a Slave Born and Sold in Connecticut","Mars, James, 1790-",en,https://www.gutenberg.org/cache/epub/65456/pg65456.txt,/home/husam/Desktop/YTU-YL/veri sıkıştırma/data-comp-project/data/processed/books/65456.txt,accepted,
65858,"Spruce Tree House Trail Guide: Mesa Verde National Park, Colorado",Mesa Verde Museum Association; United States. National Park Service,en,https://www.gutenberg.org/cache/epub/65858/pg65858.txt,/home/husam/Desktop/YTU-YL/veri sıkıştırma/data-comp-project/data/processed/books/65858.txt,accepted,
65983,"The Harroun Site: A Fulton Aspect Component of the Caddoan Area, Upshur County, Texas","Jelks, Edward B., 1922-; Tunnell, Curtis D., 1934?-2001",en,https://www.gutenberg.org/cache/epub/65983/pg65983.txt,/home/husam/Desktop/YTU-YL/veri sıkıştırma/data-comp-project/data/processed/books/65983.txt,accepted,
66110,A Son of Ishmael: A Novel,"Meade, L. T., 1854-1914; Shute, A. B. (Augustus Burnham), 1851-1906 [Illustrator]",en,https://www.gutenberg.org/cache/epub/66110/pg66110.txt,/home/husam/Desktop/YTU-YL/veri sıkıştırma/data-comp-project/data/processed/books/66110.txt,accepted,
66160,The Origin of Metallic Currency and Weight Standards,"Ridgeway, William, 1853-1926",en,https://www.gutenberg.org/cache/epub/66160/pg66160.txt,/home/husam/Desktop/YTU-YL/veri sıkıştırma/data-comp-project/data/processed/books/66160.txt,accepted,
66168,"Notes and Queries, Number 202, September 10, 1853 A Medium of Inter-communication for Literary Men, Artists, Antiquaries, Geneologists, etc.","Various; Bell, George, 1814-1890 [Editor]",en,https://www.gutenberg.org/cache/epub/66168/pg66168.txt,/home/husam/Desktop/YTU-YL/veri sıkıştırma/data-comp-project/data/processed/books/66168.txt,accepted,
66324,Pariah,"Marlowe, Stephen, 1928-2008",en,https://www.gutenberg.org/cache/epub/66324/pg66324.txt,/home/husam/Desktop/YTU-YL/veri sıkıştırma/data-comp-project/data/processed/books/66324.txt,accepted,
66461,Never Gut-Shoot a Wampus,"Marks, Winston K. (Winston Kinney), 1915-1979; Terry, W. E., 1921-1992 [Illustrator]",en,https://www.gutenberg.org/cache/epub/66461/pg66461.txt,/home/husam/Desktop/YTU-YL/veri sıkıştırma/data-comp-project/data/processed/books/66461.txt,accepted,
66462,"Chambers's Journal of Popular Literature, Science, and Art, Fifth Series, No. 43, Vol. I, October 25, 1884",Various,en,https://www.gutenberg.org/cache/epub/66462/pg66462.txt,/home/husam/Desktop/YTU-YL/veri sıkıştırma/data-comp-project/data/processed/books/66462.txt,accepted,
66525,Siberia To-Day,"Moore, Frederick Ferdinand, 1881-1947",en,https://www.gutenberg.org/cache/epub/66525/pg66525.txt,/home/husam/Desktop/YTU-YL/veri sıkıştırma/data-comp-project/data/processed/books/66525.txt,accepted,
66600,Short Story-Writing: An Art or a Trade?,"Fagin, N. Bryllion (Nathan Bryllion), 1892-1971",en,https://www.gutenberg.org/cache/epub/66600/pg66600.txt,/home/husam/Desktop/YTU-YL/veri sıkıştırma/data-comp-project/data/processed/books/66600.txt,accepted,
66677,"The Adventures of Gil Blas of Santillane, Volume 1 (of 3)","Le Sage, Alain René, 1668-1747; Saintsbury, George, 1845-1933 [Contributor]; Smollett, T. (Tobias), 1721-1771 [Translator]",en,https://www.gutenberg.org/cache/epub/66677/pg66677.txt,/home/husam/Desktop/YTU-YL/veri sıkıştırma/data-comp-project/data/processed/books/66677.txt,accepted,
66848,"Engravers and Etchers Six Lectures Delivered on the Scammon Foundation at the Art Institute of Chicago, March 1916","Carrington, Fitz Roy, 1869-1954",en,https://www.gutenberg.org/cache/epub/66848/pg66848.txt,/home/husam/Desktop/YTU-YL/veri sıkıştırma/data-comp-project/data/processed/books/66848.txt,accepted,
66926,Hoppy Toad Tales,"Hennessey, William A.",en,https://www.gutenberg.org/cache/epub/66926/pg66926.txt,/home/husam/Desktop/YTU-YL/veri sıkıştırma/data-comp-project/data/processed/books/66926.txt,accepted,
66997,Plantation echoes,"Henderson, Elliott Blaine, 1877-1944; Burkham, E. G. (Elzey Gallatin), 1872-1940 [Author of introduction, etc.]",en,https://www.gutenberg.org/cache/epub/66997/pg66997.txt,/home/husam/Desktop/YTU-YL/veri sıkıştırma/data-comp-project/data/processed/books/66997.txt,accepted,
67053,Janet: A Stock-Farm Scout,"Roy, Lillian Elizabeth, 1868-1932; Colborne, Elizabeth, 1885-1948 [Illustrator]",en,https://www.gutenberg.org/cache/epub/67053/pg67053.txt,/home/husam/Desktop/YTU-YL/veri sıkıştırma/data-comp-project/data/processed/books/67053.txt,accepted,
67057,Polly in the Southwest,"Roy, Lillian Elizabeth, 1868-1932; Barbour, Harold S., 1889-1961 [Illustrator]",en,https://www.gutenberg.org/cache/epub/67057/pg67057.txt,/home/husam/Desktop/YTU-YL/veri sıkıştırma/data-comp-project/data/processed/books/67057.txt,accepted,
67075,A Whirl Asunder,"Atherton, Gertrude Franklin Horn, 1857-1948; Frederick, Edmund, 1870-1949 [Illustrator]",en,https://www.gutenberg.org/cache/epub/67075/pg67075.txt,/home/husam/Desktop/YTU-YL/veri sıkıştırma/data-comp-project/data/processed/books/67075.txt,accepted,
67107,"The Honey-Bee: Its Natural History, Physiology and Management","Bevan, Edward, 1770-1860",en,https://www.gutenberg.org/cache/epub/67107/pg67107.txt,/home/husam/Desktop/YTU-YL/veri sıkıştırma/data-comp-project/data/processed/books/67107.txt,accepted,
67108,"Hints on the History and Management of the Honey Bee Being the Substance of Two Lectures Read Before the Members of the Hereford Literary, Philosophical, and Antiquarian Institution, in the Winter of 1850-51","Bevan, Edward, 1770-1860",en,https://www.gutenberg.org/cache/epub/67108/pg67108.txt,/home/husam/Desktop/YTU-YL/veri sıkıştırma/data-comp-project/data/processed/books/67108.txt,accepted,
67143,Fantasy: A Novel,"Serao, Matilde, 1856-1927; Harland, Henry, 1861-1905 [Translator]; Sylvester, Paul [Translator]",en,https://www.gutenberg.org/cache/epub/67143/pg67143.txt,/home/husam/Desktop/YTU-YL/veri sıkıştırma/data-comp-project/data/processed/books/67143.txt,accepted,
67187,The Gates of Morning,"Stacpoole, H. De Vere (Henry De Vere), 1863-1951",en,https://www.gutenberg.org/cache/epub/67187/pg67187.txt,/home/husam/Desktop/YTU-YL/veri sıkıştırma/data-comp-project/data/processed/books/67187.txt,accepted,
67331,Illustrations of the Huttonian Theory of the Earth,"Playfair, John, 1748-1819",en,https://www.gutenberg.org/cache/epub/67331/pg67331.txt,/home/husam/Desktop/YTU-YL/veri sıkıştırma/data-comp-project/data/processed/books/67331.txt,accepted,
67438,A United States Midshipman in the Philippines,"Stirling, Yates, 1872-1948; Boyer, Ralph L. (Ralph Ludwig), 1879-1952 [Illustrator]",en,https://www.gutenberg.org/cache/epub/67438/pg67438.txt,/home/husam/Desktop/YTU-YL/veri sıkıştırma/data-comp-project/data/processed/books/67438.txt,accepted,
67439,"The Bee Keeper's Guide, Third Edition Containing concise practical directions for the management of bees, upon the depriving system","Payne, J. H.",en,https://www.gutenberg.org/cache/epub/67439/pg67439.txt,/home/husam/Desktop/YTU-YL/veri sıkıştırma/data-comp-project/data/processed/books/67439.txt,accepted,
67788,Through Colonial Doorways,"Wharton, Anne Hollingsworth, 1845-1928",en,https://www.gutenberg.org/cache/epub/67788/pg67788.txt,/home/husam/Desktop/YTU-YL/veri sıkıştırma/data-comp-project/data/processed/books/67788.txt,accepted,
67877,"Tom Watson's Magazine, Vol. I, No. 4, June 1905","Various; Watson, Thomas E. (Thomas Edward), 1856-1922 [Editor]",en,https://www.gutenberg.org/cache/epub/67877/pg67877.txt,/home/husam/Desktop/YTU-YL/veri sıkıştırma/data-comp-project/data/processed/books/67877.txt,accepted,
67928,The Cruise of the Royal Mail Steamer Dunottar Castle Round Scotland on Her Trial Trip,"Dalgleish, Walter Scott, 1834-1897",en,https://www.gutenberg.org/cache/epub/67928/pg67928.txt,/home/husam/Desktop/YTU-YL/veri sıkıştırma/data-comp-project/data/processed/books/67928.txt,accepted,
67985,"Little Guzzy, and other stories","Habberton, John, 1842-1921",en,https://www.gutenberg.org/cache/epub/67985/pg67985.txt,/home/husam/Desktop/YTU-YL/veri sıkıştırma/data-comp-project/data/processed/books/67985.txt,accepted,
68088,Glad ghosts,"Lawrence, D. H. (David Herbert), 1885-1930",en,https://www.gutenberg.org/cache/epub/68088/pg68088.txt,/home/husam/Desktop/YTU-YL/veri sıkıştırma/data-comp-project/data/processed/books/68088.txt,accepted,
68159,Good citizenship,"Cleveland, Grover, 1837-1908",en,https://www.gutenberg.org/cache/epub/68159/pg68159.txt,/home/husam/Desktop/YTU-YL/veri sıkıştırma/data-comp-project/data/processed/books/68159.txt,accepted,
68270,A History of the 17th Lancers (Duke of Cambridge's Own),"Fortescue, J. W. (John William), Sir, 1859-1933",en,https://www.gutenberg.org/cache/epub/68270/pg68270.txt,/home/husam/Desktop/YTU-YL/veri sıkıştırma/data-comp-project/data/processed/books/68270.txt,accepted,
68374,Friends and Enemies,"Leiber, Fritz, 1910-1992; Engle, Robert, 1928- [Illustrator]",en,https://www.gutenberg.org/cache/epub/68374/pg68374.txt,/home/husam/Desktop/YTU-YL/veri sıkıştırma/data-comp-project/data/processed/books/68374.txt,accepted,
69049,The flowering plants of Africa An analytical key to the genera of African phanerograms,"Thonner, Franz, 1863-1928; Rendle, A. B. (Alfred Barton), 1865-1938 [Editor]; Fleischmann, Joseph [Illustrator]",en,https://www.gutenberg.org/cache/epub/69049/pg69049.txt,/home/husam/Desktop/YTU-YL/veri sıkıştırma/data-comp-project/data/processed/books/69049.txt,accepted,
69052,The ward of Tecumseh,"Marriott, Crittenden, 1867-1932; McKernan, Frank, 1861-1934 [Illustrator]",en,https://www.gutenberg.org/cache/epub/69052/pg69052.txt,/home/husam/Desktop/YTU-YL/veri sıkıştırma/data-comp-project/data/processed/books/69052.txt,accepted,
69148,The eternal quest,"Gilbert, Joseph; Stevens, Lawrence Sterne, 1886-1960 [Illustrator]",en,https://www.gutenberg.org/cache/epub/69148/pg69148.txt,/home/husam/Desktop/YTU-YL/veri sıkıştırma/data-comp-project/data/processed/books/69148.txt,accepted,
69244,Via Berlin,"Marriott, Crittenden, 1867-1932; Howard, Eleanor [Illustrator]",en,https://www.gutenberg.org/cache/epub/69244/pg69244.txt,/home/husam/Desktop/YTU-YL/veri sıkıştırma/data-comp-project/data/processed/books/69244.txt,accepted,
69262,"History for ready reference, Volume 4, Nicæa to Tunis","Larned, J. N. (Josephus Nelson), 1836-1913",en,https://www.gutenberg.org/cache/epub/69262/pg69262.txt,/home/husam/Desktop/YTU-YL/veri sıkıştırma/data-comp-project/data/processed/books/69262.txt,accepted,
69345,The mother's book,"Child, Lydia Maria, 1802-1880",en,https://www.gutenberg.org/cache/epub/69345/pg69345.txt,/home/husam/Desktop/YTU-YL/veri sıkıştırma/data-comp-project/data/processed/books/69345.txt,accepted,
69413,Pamela Pounce: A tale of tempestuous petticoats,"Castle, Agnes, 1860-1922; Castle, Egerton, 1858-1920",en,https://www.gutenberg.org/cache/epub/69413/pg69413.txt,/home/husam/Desktop/YTU-YL/veri sıkıştırma/data-comp-project/data/processed/books/69413.txt,accepted,
69414,To arms for liberty: A pageant of the war for schools and societies,"Bryce, Catherine T. (Catherine Turner), 1871-1951",en,https://www.gutenberg.org/cache/epub/69414/pg69414.txt,/home/husam/Desktop/YTU-YL/veri sıkıştırma/data-comp-project/data/processed/books/69414.txt,accepted,
69443,The kiss to the leper,"Mauriac, François, 1885-1970; Whitall, James, 1888-1954 [Translator]",en,https://www.gutenberg.org/cache/epub/69443/pg69443.txt,/home/husam/Desktop/YTU-YL/veri sıkıştırma/data-comp-project/data/processed/books/69443.txt,accepted,
69485,"Letters on the equality of the sexes, and the condition of woman","Grimké, Sarah, 1792-1873",en,https://www.gutenberg.org/cache/epub/69485/pg69485.txt,/home/husam/Desktop/YTU-YL/veri sıkıştırma/data-comp-project/data/processed/books/69485.txt,accepted,
69507,"Color mixing guide For artists, painters, decorators, printing pressmen, show card writers, sign painters, color mixers. Gives color mixtures by parts","King, John L.",en,https://www.gutenberg.org/cache/epub/69507/pg69507.txt,/home/husam/Desktop/YTU-YL/veri sıkıştırma/data-comp-project/data/processed/books/69507.txt,accepted,
69582,"The life and times of the Rev. John Wesley, M.A., founder of the Methodists. Vol. 1 (of 3)","Tyerman, L. (Luke), 1820?-1889",en,https://www.gutenberg.org/cache/epub/69582/pg69582.txt,/home/husam/Desktop/YTU-YL/veri sıkıştırma/data-comp-project/data/processed/books/69582.txt,accepted,
69607,"Weird Tales, Volume 1, Number 3, May, 1923: The unique magazine","Various; Baird, Edwin, 1886-1957 [Editor]",en,https://www.gutenberg.org/cache/epub/69607/pg69607.txt,/home/husam/Desktop/YTU-YL/veri sıkıştırma/data-comp-project/data/processed/books/69607.txt,accepted,
69885,The extraordinary confessions of Diana Please,"Capes, Bernard, 1854-1918",en,https://www.gutenberg.org/cache/epub/69885/pg69885.txt,/home/husam/Desktop/YTU-YL/veri sıkıştırma/data-comp-project/data/processed/books/69885.txt,accepted,
69954,"The Cameron pride; or, purified by suffering","Holmes, Mary Jane, 1825-1907",en,https://www.gutenberg.org/cache/epub/69954/pg69954.txt,/home/husam/Desktop/YTU-YL/veri sıkıştırma/data-comp-project/data/processed/books/69954.txt,accepted,
70006,The hermit thrush,"Mathews, F. Schuyler (Ferdinand Schuyler), 1854-1938",en,https://www.gutenberg.org/cache/epub/70006/pg70006.txt,/home/husam/Desktop/YTU-YL/veri sıkıştırma/data-comp-project/data/processed/books/70006.txt,accepted,
70108,The Y. M. C. A. boys of Cliffwood;,"Henderley, Brooks",en,https://www.gutenberg.org/cache/epub/70108/pg70108.txt,/home/husam/Desktop/YTU-YL/veri sıkıştırma/data-comp-project/data/processed/books/70108.txt,accepted,
70207,The man with the iron mask,"Topin, Marius, 1838-1895; Vizetelly, Henry, 1820-1894 [Translator]",en,https://www.gutenberg.org/cache/epub/70207/pg70207.txt,/home/husam/Desktop/YTU-YL/veri sıkıştırma/data-comp-project/data/processed/books/70207.txt,accepted,
70282,"Ella, a little schoolgirl of the sixties","Tappan, Eva March, 1854-1930; Best, Ruth J. [Illustrator]",en,https://www.gutenberg.org/cache/epub/70282/pg70282.txt,/home/husam/Desktop/YTU-YL/veri sıkıştırma/data-comp-project/data/processed/books/70282.txt,accepted,
70477,"The O. S. U. Naturalist, Vol. 1, No. 2, December, 1900",Ohio State University. Biological Club,en,https://www.gutenberg.org/cache/epub/70477/pg70477.txt,/home/husam/Desktop/YTU-YL/veri sıkıştırma/data-comp-project/data/processed/books/70477.txt,accepted,
70584,"Chambers's journal of popular literature, science, and art, fifth series, no. 125, vol. III, May 22, 1886",Various,en,https://www.gutenberg.org/cache/epub/70584/pg70584.txt,/home/husam/Desktop/YTU-YL/veri sıkıştırma/data-comp-project/data/processed/books/70584.txt,accepted,
70627,Uncle Wiggily's June Bug friends,"Garis, Howard Roger, 1873-1962; Campbell, Lang, 1882-1937 [Illustrator]",en,https://www.gutenberg.org/cache/epub/70627/pg70627.txt,/home/husam/Desktop/YTU-YL/veri sıkıştırma/data-comp-project/data/processed/books/70627.txt,accepted,
70651,Passion fruit,"Stacpoole, H. De Vere (Henry De Vere), 1863-1951",en,https://www.gutenberg.org/cache/epub/70651/pg70651.txt,/home/husam/Desktop/YTU-YL/veri sıkıştırma/data-comp-project/data/processed/books/70651.txt,accepted,
70684,"The collected works of Henrik Ibsen, Vol. 09 (of 11)","Ibsen, Henrik, 1828-1906; Archer, William, 1856-1924 [Editor]",en,https://www.gutenberg.org/cache/epub/70684/pg70684.txt,/home/husam/Desktop/YTU-YL/veri sıkıştırma/data-comp-project/data/processed/books/70684.txt,accepted,
70769,Old times,"Ashton, John, 1834-1911",en,https://www.gutenberg.org/cache/epub/70769/pg70769.txt,/home/husam/Desktop/YTU-YL/veri sıkıştırma/data-comp-project/data/processed/books/70769.txt,accepted,
70912,The curse of Yig,"Bishop, Zealia B. (Zealia Brown), 1897-1968; Lovecraft, H. P. (Howard Phillips), 1890-1937",en,https://www.gutenberg.org/cache/epub/70912/pg70912.txt,/home/husam/Desktop/YTU-YL/veri sıkıştırma/data-comp-project/data/processed/books/70912.txt,accepted,
71046,"Modern English biography, volume 2 (of 4), I-Q","Boase, Frederic, 1843-1916",en,https://www.gutenberg.org/cache/epub/71046/pg71046.txt,/home/husam/Desktop/YTU-YL/veri sıkıştırma/data-comp-project/data/processed/books/71046.txt,accepted,
71065,The hyena,"Howard, Robert E. (Robert Ervin), 1906-1936; Rankin, Hugh, 1878-1956 [Illustrator]",en,https://www.gutenberg.org/cache/epub/71065/pg71065.txt,/home/husam/Desktop/YTU-YL/veri sıkıştırma/data-comp-project/data/processed/books/71065.txt,accepted,
71112,Far above rubies (Vol. 1 of 3),"Riddell, J. H., Mrs., 1832-1906",en,https://www.gutenberg.org/cache/epub/71112/pg71112.txt,/home/husam/Desktop/YTU-YL/veri sıkıştırma/data-comp-project/data/processed/books/71112.txt,accepted,
71277,"Essays, or discourses, vol. 1 (of 4)","Feijoo, Benito Jerónimo, 1676-1764; Brett, John, -1785 [Translator]",en,https://www.gutenberg.org/cache/epub/71277/pg71277.txt,/home/husam/Desktop/YTU-YL/veri sıkıştırma/data-comp-project/data/processed/books/71277.txt,accepted,
71340,The gentle art of tramping,"Graham, Stephen, 1884-1975",en,https://www.gutenberg.org/cache/epub/71340/pg71340.txt,/home/husam/Desktop/YTU-YL/veri sıkıştırma/data-comp-project/data/processed/books/71340.txt,accepted,
71401,Ran away from the Dutch,"Perelaer, M. T. H. (Michael Theophile Hubert), 1831-1901; Mendes, A. P. [Editor]; Blok, Maurice [Translator]",en,https://www.gutenberg.org/cache/epub/71401/pg71401.txt,/home/husam/Desktop/YTU-YL/veri sıkıştırma/data-comp-project/data/processed/books/71401.txt,accepted,
71569,Christopher Columbus (1440-1506),"Alden, W. L. (William Livingston), 1837-1908",en,https://www.gutenberg.org/cache/epub/71569/pg71569.txt,/home/husam/Desktop/YTU-YL/veri sıkıştırma/data-comp-project/data/processed/books/71569.txt,accepted,
71663,The life and works of Sir Charles Barry,"Barry, Alfred, 1826-1910",en,https://www.gutenberg.org/cache/epub/71663/pg71663.txt,/home/husam/Desktop/YTU-YL/veri sıkıştırma/data-comp-project/data/processed/books/71663.txt,accepted,
71735,"White Lotus, the legend of the cat's eye","Fornaro, Carlo de, 1871-1949",en,https://www.gutenberg.org/cache/epub/71735/pg71735.txt,/home/husam/Desktop/YTU-YL/veri sıkıştırma/data-comp-project/data/processed/books/71735.txt,accepted,
71756,The humour of Russia,"Voynich, E. L. (Ethel Lillian), 1864-1960 [Translator]; Stepniak, S., 1851-1895 [Author of introduction, etc.]; Frenzeny, Paul, -1902 [Illustrator]",en,https://www.gutenberg.org/cache/epub/71756/pg71756.txt,/home/husam/Desktop/YTU-YL/veri sıkıştırma/data-comp-project/data/processed/books/71756.txt,accepted,
71761,Aunt Patty's paying guests,"Thorne, Eglanton, 1852-1907; Rainey, W. (William), 1852-1936 [Illustrator]",en,https://www.gutenberg.org/cache/epub/71761/pg71761.txt,/home/husam/Desktop/YTU-YL/veri sıkıştırma/data-comp-project/data/processed/books/71761.txt,accepted,
71789,Bones and I,"Whyte-Melville, G. J. (George John), 1821-1878; Forestier, A. (Amédée), 1854-1930 [Illustrator]",en,https://www.gutenberg.org/cache/epub/71789/pg71789.txt,/home/husam/Desktop/YTU-YL/veri sıkıştırma/data-comp-project/data/processed/books/71789.txt,accepted,
71808,The binding of the Nile and the new Soudan,"Peel, Sidney Cornwallis, 1870-1938",en,https://www.gutenberg.org/cache/epub/71808/pg71808.txt,/home/husam/Desktop/YTU-YL/veri sıkıştırma/data-comp-project/data/processed/books/71808.txt,accepted,
71819,The statistomat pitch,"Davis, Chandler, 1926-2022; Schoenherr, John, 1935-2010 [Illustrator]",en,https://www.gutenberg.org/cache/epub/71819/pg71819.txt,/home/husam/Desktop/YTU-YL/veri sıkıştırma/data-comp-project/data/processed/books/71819.txt,accepted,
71838,Essays,"Praed, Winthrop Mackworth, 1802-1839; Morley, Henry, 1822-1894 [Author of introduction, etc.]; Young, George, Sir, 1837-1930 [Editor]",en,https://www.gutenberg.org/cache/epub/71838/pg71838.txt,/home/husam/Desktop/YTU-YL/veri sıkıştırma/data-comp-project/data/processed/books/71838.txt,accepted,
71842,"A history of art in Chaldæa & Assyria, Vol. 2 (of 2)","Perrot, Georges, 1832-1914; Chipiez, Charles, 1835-1901; Armstrong, Walter, Sir, 1850-1918 [Translator]",en,https://www.gutenberg.org/cache/epub/71842/pg71842.txt,/home/husam/Desktop/YTU-YL/veri sıkıştırma/data-comp-project/data/processed/books/71842.txt,accepted,
71850,The Inquisition revealed,"Timpson, Thomas, 1790-1860",en,https://www.gutenberg.org/cache/epub/71850/pg71850.txt,/home/husam/Desktop/YTU-YL/veri sıkıştırma/data-comp-project/data/processed/books/71850.txt,accepted,
72014,Coloured engravings of heaths; vol. 1,"Andrews, Henry Cranke, active 1799-1828",en,https://www.gutenberg.org/cache/epub/72014/pg72014.txt,/home/husam/Desktop/YTU-YL/veri sıkıştırma/data-comp-project/data/processed/books/72014.txt,accepted,
72033,The woods,"Malloch, Douglas, 1877-1938",en,https://www.gutenberg.org/cache/epub/72033/pg72033.txt,/home/husam/Desktop/YTU-YL/veri sıkıştırma/data-comp-project/data/processed/books/72033.txt,accepted,
72058,Amos Judd,"Mitchell, John Ames, 1845-1918; Keller, Arthur Ignatius, 1866-1924 [Illustrator]",en,https://www.gutenberg.org/cache/epub/72058/pg72058.txt,/home/husam/Desktop/YTU-YL/veri sıkıştırma/data-comp-project/data/processed/books/72058.txt,accepted,
72076,A rolling stone,"Croker, B. M. (Bithia Mary), 1849?-1920",en,https://www.gutenberg.org/cache/epub/72076/pg72076.txt,/home/husam/Desktop/YTU-YL/veri sıkıştırma/data-comp-project/data/processed/books/72076.txt,accepted,
72079,Burden the hand,"Garrett, Randall, 1927-1987; Emshwiller, Ed, 1925-1990 [Illustrator]",en,https://www.gutenberg.org/cache/epub/72079/pg72079.txt,/home/husam/Desktop/YTU-YL/veri sıkıştırma/data-comp-project/data/processed/books/72079.txt,accepted,
72234,Spacerogue,"Silverberg, Robert, 1935-; Emshwiller, Ed, 1925-1990 [Illustrator]",en,https://www.gutenberg.org/cache/epub/72234/pg72234.txt,/home/husam/Desktop/YTU-YL/veri sıkıştırma/data-comp-project/data/processed/books/72234.txt,accepted,
72267,Westward hoboes,"Dixon, Winifred Hawkridge, 1883-1937; Dixon, Rollin Lester, 1885-1964 [Photographer]; Thaxter, Katherine [Photographer]",en,https://www.gutenberg.org/cache/epub/72267/pg72267.txt,/home/husam/Desktop/YTU-YL/veri sıkıştırma/data-comp-project/data/processed/books/72267.txt,accepted,
72476,Demonologia,"Forsyth, J. S.",en,https://www.gutenberg.org/cache/epub/72476/pg72476.txt,/home/husam/Desktop/YTU-YL/veri sıkıştırma/data-comp-project/data/processed/books/72476.txt,accepted,
72578,Tom Swift and his talking pictures,"Appleton, Victor",en,https://www.gutenberg.org/cache/epub/72578/pg72578.txt,/home/husam/Desktop/YTU-YL/veri sıkıştırma/data-comp-project/data/processed/books/72578.txt,accepted,
72670,A year among the trees,"Flagg, Wilson, 1805-1884",en,https://www.gutenberg.org/cache/epub/72670/pg72670.txt,/home/husam/Desktop/YTU-YL/veri sıkıştırma/data-comp-project/data/processed/books/72670.txt,accepted,
72747,"A British army, as it was,--is,--and ought to be","Campbell, James, 1787-1858",en,https://www.gutenberg.org/cache/epub/72747/pg72747.txt,/home/husam/Desktop/YTU-YL/veri sıkıştırma/data-comp-project/data/processed/books/72747.txt,accepted,
72776,Flowers and their friends,"Morley, Margaret Warner, 1858-1923",en,https://www.gutenberg.org/cache/epub/72776/pg72776.txt,/home/husam/Desktop/YTU-YL/veri sıkıştırma/data-comp-project/data/processed/books/72776.txt,accepted,
72988,Religion and ceremonies of the Lenape,"Harrington, M. R. (Mark Raymond), 1882-1971; Hodge, Frederick Webb, 1864-1956 [Editor]",en,https://www.gutenberg.org/cache/epub/72988/pg72988.txt,/home/husam/Desktop/YTU-YL/veri sıkıştırma/data-comp-project/data/processed/books/72988.txt,accepted,
73012,"The works of the Reverend George Whitefield, M.A., Vol. 3 (of 6)","Whitefield, George, 1714-1770",en,https://www.gutenberg.org/cache/epub/73012/pg73012.txt,/home/husam/Desktop/YTU-YL/veri sıkıştırma/data-comp-project/data/processed/books/73012.txt,accepted,
73131,Unhuman tour,"Natsume, Soseki, 1867-1916; Takahashi, Kazutomo, 1862-1931 [Translator]",en,https://www.gutenberg.org/cache/epub/73131/pg73131.txt,/home/husam/Desktop/YTU-YL/veri sıkıştırma/data-comp-project/data/processed/books/73131.txt,accepted,
73176,Lord Byron as a satirist in verse,"Fuess, Claude Moore, 1885-1963",en,https://www.gutenberg.org/cache/epub/73176/pg73176.txt,/home/husam/Desktop/YTU-YL/veri sıkıştırma/data-comp-project/data/processed/books/73176.txt,accepted,
73244,Salvage,"Norton, Roy, 1869-1942",en,https://www.gutenberg.org/cache/epub/73244/pg73244.txt,/home/husam/Desktop/YTU-YL/veri sıkıştırma/data-comp-project/data/processed/books/73244.txt,accepted,
73341,The artillerist's manual and British soldier's compendium,"Griffiths, F. A. (Frederick Augustus), -1869",en,https://www.gutenberg.org/cache/epub/73341/pg73341.txt,/home/husam/Desktop/YTU-YL/veri sıkıştırma/data-comp-project/data/processed/books/73341.txt,accepted,
73352,The heel of Achilles,"Delafield, E. M., 1890-1943",en,https://www.gutenberg.org/cache/epub/73352/pg73352.txt,/home/husam/Desktop/YTU-YL/veri sıkıştırma/data-comp-project/data/processed/books/73352.txt,accepted,
73404,Enfranchisement of women,"Mill, Harriet Hardy Taylor, 1807-1858",en,https://www.gutenberg.org/cache/epub/73404/pg73404.txt,/home/husam/Desktop/YTU-YL/veri sıkıştırma/data-comp-project/data/processed/books/73404.txt,accepted,
73456,The X Bar X boys at Nugget Camp,"Ferris, James Cody; Rogers, Walter S. (Walter Stanton), 1870-1937 [Illustrator]",en,https://www.gutenberg.org/cache/epub/73456/pg73456.txt,/home/husam/Desktop/YTU-YL/veri sıkıştırma/data-comp-project/data/processed/books/73456.txt,accepted,
73493,"The English provincial printers, stationers and bookbinders to 1557","Duff, E. Gordon (Edward Gordon), 1863-1924",en,https://www.gutenberg.org/cache/epub/73493/pg73493.txt,/home/husam/Desktop/YTU-YL/veri sıkıştırma/data-comp-project/data/processed/books/73493.txt,accepted,
73579,Marston and me,"Burtis, Thomson, 1896-1971",en,https://www.gutenberg.org/cache/epub/73579/pg73579.txt,/home/husam/Desktop/YTU-YL/veri sıkıştırma/data-comp-project/data/processed/books/73579.txt,accepted,
73596,The old house in the city,"Giberne, Agnes, 1845-1939",en,https://www.gutenberg.org/cache/epub/73596/pg73596.txt,/home/husam/Desktop/YTU-YL/veri sıkıştırma/data-comp-project/data/processed/books/73596.txt,accepted,
73643,Cambridge,"Barwell, Noel, 1879-1953; Haslehust, E. W., 1866-1949 [Illustrator]",en,https://www.gutenberg.org/cache/epub/73643/pg73643.txt,/home/husam/Desktop/YTU-YL/veri sıkıştırma/data-comp-project/data/processed/books/73643.txt,accepted,
73729,The shooting party,"Chekhov, Anton Pavlovich, 1860-1904; Chamot, A. E. (Alfred Edward), 1855-1934 [Translator]",en,https://www.gutenberg.org/cache/epub/73729/pg73729.txt,/home/husam/Desktop/YTU-YL/veri sıkıştırma/data-comp-project/data/processed/books/73729.txt,accepted,
73792,"Eric, a waif","Leslie, Emma, 1838-1909",en,https://www.gutenberg.org/cache/epub/73792/pg73792.txt,/home/husam/Desktop/YTU-YL/veri sıkıştırma/data-comp-project/data/processed/books/73792.txt,accepted,
73911,"Belgium, Vol. 1 (of 2)","Tennent, James Emerson, Sir, 1804-1869",en,https://www.gutenberg.org/cache/epub/73911/pg73911.txt,/home/husam/Desktop/YTU-YL/veri sıkıştırma/data-comp-project/data/processed/books/73911.txt,accepted,
73972,"A bankrupt heart, Vol. 1 (of 3)","Marryat, Florence, 1833-1899",en,https://www.gutenberg.org/cache/epub/73972/pg73972.txt,/home/husam/Desktop/YTU-YL/veri sıkıştırma/data-comp-project/data/processed/books/73972.txt,accepted,
73984,"Sinking of the ""Titanic""","Mowbray, Jay Henry, 1869-1955",en,https://www.gutenberg.org/cache/epub/73984/pg73984.txt,/home/husam/Desktop/YTU-YL/veri sıkıştırma/data-comp-project/data/processed/books/73984.txt,accepted,
74064,The grateful elephant,"Burlingame, Eugene Watson, 1876-1932; Lathrop, Dorothy Pulis, 1891-1980 [Illustrator]",en,https://www.gutenberg.org/cache/epub/74064/pg74064.txt,/home/husam/Desktop/YTU-YL/veri sıkıştırma/data-comp-project/data/processed/books/74064.txt,accepted,
74067,Powers of the President during crises,"Smith, J. Malcolm (John Malcolm), 1921-2003; Cotter, Cornelius P., 1924-1999",en,https://www.gutenberg.org/cache/epub/74067/pg74067.txt,/home/husam/Desktop/YTU-YL/veri sıkıştırma/data-comp-project/data/processed/books/74067.txt,accepted,
74138,The love song of Lancelot Biggs,"Bond, Nelson S., 1908-2006",en,https://www.gutenberg.org/cache/epub/74138/pg74138.txt,/home/husam/Desktop/YTU-YL/veri sıkıştırma/data-comp-project/data/processed/books/74138.txt,accepted,
74501,"Chambers's journal of popular literature, science, and art, fifth series, no. 145, vol. III, October 9, 1886",Various,en,https://www.gutenberg.org/cache/epub/74501/pg74501.txt,/home/husam/Desktop/YTU-YL/veri sıkıştırma/data-comp-project/data/processed/books/74501.txt,accepted,
74559,Cape Cod,"Mitchell, F.; Edwards, George F. [Illustrator]; Fenn, W. J. (Walter James), 1862-1961 [Illustrator]",en,https://www.gutenberg.org/cache/epub/74559/pg74559.txt,/home/husam/Desktop/YTU-YL/veri sıkıştırma/data-comp-project/data/processed/books/74559.txt,accepted,
74683,A dangerous friend,"Leslie, Emma, 1838-1909",en,https://www.gutenberg.org/cache/epub/74683/pg74683.txt,/home/husam/Desktop/YTU-YL/veri sıkıştırma/data-comp-project/data/processed/books/74683.txt,accepted,
74708,German wit and humor,"Downes, Minna Sophie Marie Baumann, 1858-",en,https://www.gutenberg.org/cache/epub/74708/pg74708.txt,/home/husam/Desktop/YTU-YL/veri sıkıştırma/data-comp-project/data/processed/books/74708.txt,accepted,
74745,The weary blues,"Hughes, Langston, 1902-1967; Van Vechten, Carl, 1880-1964 [Author of introduction, etc.]",en,https://www.gutenberg.org/cache/epub/74745/pg74745.txt,/home/husam/Desktop/YTU-YL/veri sıkıştırma/data-comp-project/data/processed/books/74745.txt,accepted,
74759,In the Tennessee mountains,"Craddock, Charles Egbert, 1850-1922",en,https://www.gutenberg.org/cache/epub/74759/pg74759.txt,/home/husam/Desktop/YTU-YL/veri sıkıştırma/data-comp-project/data/processed/books/74759.txt,accepted,
74813,The commonwealth of cells,"Spurrell, H. G. F. (Herbert George Flaxman), 1877-1918",en,https://www.gutenberg.org/cache/epub/74813/pg74813.txt,/home/husam/Desktop/YTU-YL/veri sıkıştırma/data-comp-project/data/processed/books/74813.txt,accepted,
74865,Where the Atlantic meets the land,"Lipsett, H. Caldwell, 1868-1913; Wilson, Patten, 1869-1934 [Illustrator]",en,https://www.gutenberg.org/cache/epub/74865/pg74865.txt,/home/husam/Desktop/YTU-YL/veri sıkıştırma/data-comp-project/data/processed/books/74865.txt,accepted,
75294,"History as literature, and other essays","Roosevelt, Theodore, 1858-1919",en,https://www.gutenberg.org/cache/epub/75294/pg75294.txt,/home/husam/Desktop/YTU-YL/veri sıkıştırma/data-comp-project/data/processed/books/75294.txt,accepted,
75351,Won over,"Hellis, Nellie",en,https://www.gutenberg.org/cache/epub/75351/pg75351.txt,/home/husam/Desktop/YTU-YL/veri sıkıştırma/data-comp-project/data/processed/books/75351.txt,accepted,
75356,Do you believe in fairies?,"Andrews, Leonora de Lima, 1900-1985",en,https://www.gutenberg.org/cache/epub/75356/pg75356.txt,/home/husam/Desktop/YTU-YL/veri sıkıştırma/data-comp-project/data/processed/books/75356.txt,accepted,
75465,"My friend Doggie; or, An only child","Glasgow, G. R. (Geraldine Robertson)",en,https://www.gutenberg.org/cache/epub/75465/pg75465.txt,/home/husam/Desktop/YTU-YL/veri sıkıştırma/data-comp-project/data/processed/books/75465.txt,accepted,
75471,Rhoda's education,"Guernsey, Lucy Ellen, 1826-1899",en,https://www.gutenberg.org/cache/epub/75471/pg75471.txt,/home/husam/Desktop/YTU-YL/veri sıkıştırma/data-comp-project/data/processed/books/75471.txt,accepted,
75519,The Hunterian lectures on colour-vision and colour-blindness,"Edridge-Green, F. W. (Frederick William), 1863-1953",en,https://www.gutenberg.org/cache/epub/75519/pg75519.txt,/home/husam/Desktop/YTU-YL/veri sıkıştırma/data-comp-project/data/processed/books/75519.txt,accepted,
75529,Deirdre wed and other poems,"Trench, Herbert, 1865-1923",en,https://www.gutenberg.org/cache/epub/75529/pg75529.txt,/home/husam/Desktop/YTU-YL/veri sıkıştırma/data-comp-project/data/processed/books/75529.txt,accepted,
75565,The man with a grouch,"Stacpoole, H. De Vere (Henry De Vere), 1863-1951",en,https://www.gutenberg.org/cache/epub/75565/pg75565.txt,/home/husam/Desktop/YTU-YL/veri sıkıştırma/data-comp-project/data/processed/books/75565.txt,accepted,
75696,The practice of osteopathy,"McConnell, Carl Philip, 1874-1939; Teall, Charles Clayton, 1863-1937",en,https://www.gutenberg.org/cache/epub/75696/pg75696.txt,/home/husam/Desktop/YTU-YL/veri sıkıştırma/data-comp-project/data/processed/books/75696.txt,accepted,
75854,"The Little Review, June-July 1916 (Vol. 3, No. 4)","Various; Anderson, Margaret C., 1886-1973 [Editor]",en,https://www.gutenberg.org/cache/epub/75854/pg75854.txt,/home/husam/Desktop/YTU-YL/veri sıkıştırma/data-comp-project/data/processed/books/75854.txt,accepted,
75886,The mystery of the Kingdom of God,"Schweitzer, Albert, 1875-1965; Lowrie, Walter, 1868-1959 [Translator]",en,https://www.gutenberg.org/cache/epub/75886/pg75886.txt,/home/husam/Desktop/YTU-YL/veri sıkıştırma/data-comp-project/data/processed/books/75886.txt,accepted,
76007,Our business civilization,"Adams, James Truslow, 1878-1949",en,https://www.gutenberg.org/cache/epub/76007/pg76007.txt,/home/husam/Desktop/YTU-YL/veri sıkıştırma/data-comp-project/data/processed/books/76007.txt,accepted,
76105,A spectre of power,"Craddock, Charles Egbert, 1850-1922",en,https://www.gutenberg.org/cache/epub/76105/pg76105.txt,/home/husam/Desktop/YTU-YL/veri sıkıştırma/data-comp-project/data/processed/books/76105.txt,accepted,
76172,A bad penny,"Wheelwright, John T. (John Tyler), 1856-1925; Attwood, Francis Gilbert, 1856-1900 [Illustrator]",en,https://www.gutenberg.org/cache/epub/76172/pg76172.txt,/home/husam/Desktop/YTU-YL/veri sıkıştırma/data-comp-project/data/processed/books/76172.txt,accepted,
76178,I am a woman,"Bannon, Ann, 1932-",en,https://www.gutenberg.org/cache/epub/76178/pg76178.txt,/home/husam/Desktop/YTU-YL/veri sıkıştırma/data-comp-project/data/processed/books/76178.txt,accepted,
76348,"Chambers's Journal of Popular Literature, Science, and Art, fifth series, no. 154, vol. III, December 11, 1886",Various,en,https://www.gutenberg.org/cache/epub/76348/pg76348.txt,/home/husam/Desktop/YTU-YL/veri sıkıştırma/data-comp-project/data/processed/books/76348.txt,accepted,
76357,Blind mice,"Kay-Scott, C. (Cyril), 1879-1960",en,https://www.gutenberg.org/cache/epub/76357/pg76357.txt,/home/husam/Desktop/YTU-YL/veri sıkıştırma/data-comp-project/data/processed/books/76357.txt,accepted,
76495,The glad lady,"Blanchard, Amy Ella, 1856-1926; Bridgman, L. J. (Lewis Jesse), 1857-1931 [Illustrator]",en,https://www.gutenberg.org/cache/epub/76495/pg76495.txt,/home/husam/Desktop/YTU-YL/veri sıkıştırma/data-comp-project/data/processed/books/76495.txt,accepted,
76944,Dostoevsky,"Gide, André, 1869-1951; Bennett, Arnold, 1867-1931 [Author of introduction, etc.]",en,https://www.gutenberg.org/cache/epub/76944/pg76944.txt,/home/husam/Desktop/YTU-YL/veri sıkıştırma/data-comp-project/data/processed/books/76944.txt,accepted,
76987,Spar-torpedo instructions for the United States Navy,United States. Navy Department. Bureau of Ordnance,en,https://www.gutenberg.org/cache/epub/76987/pg76987.txt,/home/husam/Desktop/YTU-YL/veri sıkıştırma/data-comp-project/data/processed/books/76987.txt,accepted,
77111,The mother,"Deledda, Grazia, 1871-1936; Steegmann, Mary G. [Translator]",en,https://www.gutenberg.org/cache/epub/77111/pg77111.txt,/home/husam/Desktop/YTU-YL/veri sıkıştırma/data-comp-project/data/processed/books/77111.txt,accepted,
77413,My life in poetry,"Coblentz, Stanton A. (Stanton Arthur), 1896-1982",en,https://www.gutenberg.org/cache/epub/77413/pg77413.txt,/home/husam/Desktop/YTU-YL/veri sıkıştırma/data-comp-project/data/processed/books/77413.txt,accepted,
77515,The Woodranger,"Browne, George Waldo, 1851-1930; Bridgman, L. J. (Lewis Jesse), 1857-1931 [Illustrator]",en,https://www.gutenberg.org/cache/epub/77515/pg77515.txt,/home/husam/Desktop/YTU-YL/veri sıkıştırma/data-comp-project/data/processed/books/77515.txt,accepted,
77518,What is an index?,"Wheatley, Henry B. (Henry Benjamin), 1838-1917",en,https://www.gutenberg.org/cache/epub/77518/pg77518.txt,/home/husam/Desktop/YTU-YL/veri sıkıştırma/data-comp-project/data/processed/books/77518.txt,accepted,
77602,The hidden staircase,"Keene, Carolyn; Tandy, Russell H., 1891-1963 [Illustrator]",en,https://www.gutenberg.org/cache/epub/77602/pg77602.txt,/home/husam/Desktop/YTU-YL/veri sıkıştırma/data-comp-project/data/processed/books/77602.txt,accepted,
77619,Cordage and cordage hemp and fibres,"Woodhouse, Thomas, 1862-1933; Kilgour, Peter",en,https://www.gutenberg.org/cache/epub/77619/pg77619.txt,/home/husam/Desktop/YTU-YL/veri sıkıştırma/data-comp-project/data/processed/books/77619.txt,accepted,
77736,Color problems,"Vanderpoel, Emily Noyes, 1842-1939",en,https://www.gutenberg.org/cache/epub/77736/pg77736.txt,/home/husam/Desktop/YTU-YL/veri sıkıştırma/data-comp-project/data/processed/books/77736.txt,accepted,
77866,Memorials of old Nottinghamshire,"Guilford, Everard L. (Everard Leaver), 1882-1945 [Editor]; Ditchfield, P. H. (Peter Hampson), 1854-1930 [Editor]",en,https://www.gutenberg.org/cache/epub/77866/pg77866.txt,/home/husam/Desktop/YTU-YL/veri sıkıştırma/data-comp-project/data/processed/books/77866.txt,accepted,
77879,The barge of haunted lives,"Tyson, J. Aubrey (John Aubrey), 1870-1930",en,https://www.gutenberg.org/cache/epub/77879/pg77879.txt,/home/husam/Desktop/YTU-YL/veri sıkıştırma/data-comp-project/data/processed/books/77879.txt,accepted,
77957,The dragon,"Shiel, M. P. (Matthew Phipps), 1865-1947",en,https://www.gutenberg.org/cache/epub/77957/pg77957.txt,/home/husam/Desktop/YTU-YL/veri sıkıştırma/data-comp-project/data/processed/books/77957.txt,accepted,
78083,Fawn in the wood,Unknown,en,https://www.gutenberg.org/cache/epub/78083/pg78083.txt,/home/husam/Desktop/YTU-YL/veri sıkıştırma/data-comp-project/data/processed/books/78083.txt,accepted,
78161,The story of the Ukraine,"Manning, Clarence Augustus, 1893-1972",en,https://www.gutenberg.org/cache/epub/78161/pg78161.txt,/home/husam/Desktop/YTU-YL/veri sıkıştırma/data-comp-project/data/processed/books/78161.txt,accepted,
78175,"Household Words, No. 10, June 1, 1850","Dickens, Charles, 1812-1870 [Editor]",en,https://www.gutenberg.org/cache/epub/78175/pg78175.txt,/home/husam/Desktop/YTU-YL/veri sıkıştırma/data-comp-project/data/processed/books/78175.txt,accepted,
78189,The virgin and the gipsy,"Lawrence, D. H. (David Herbert), 1885-1930",en,https://www.gutenberg.org/cache/epub/78189/pg78189.txt,/home/husam/Desktop/YTU-YL/veri sıkıştırma/data-comp-project/data/processed/books/78189.txt,accepted,
78240,Many inventions,"Kipling, Rudyard, 1865-1936",en,https://www.gutenberg.org/cache/epub/78240/pg78240.txt,/home/husam/Desktop/YTU-YL/veri sıkıştırma/data-comp-project/data/processed/books/78240.txt,accepted,
78254,Silent guests,"Forrest, A. E. (Alfred Edgar), 1863-1940",en,https://www.gutenberg.org/cache/epub/78254/pg78254.txt,/home/husam/Desktop/YTU-YL/veri sıkıştırma/data-comp-project/data/processed/books/78254.txt,accepted,
78497,"The work of John S. Sargent, R.A.","Sargent, John Singer, 1856-1925 [Artist]; Meynell, Alice, 1847-1922 [Author of introduction, etc.]",en,https://www.gutenberg.org/cache/epub/78497/pg78497.txt,/home/husam/Desktop/YTU-YL/veri sıkıştırma/data-comp-project/data/processed/books/78497.txt,accepted,
78504,The fairy caravan,"Potter, Beatrix, 1866-1943",en,https://www.gutenberg.org/cache/epub/78504/pg78504.txt,/home/husam/Desktop/YTU-YL/veri sıkıştırma/data-comp-project/data/processed/books/78504.txt,accepted,
78510,How the United States government works,"Hibschman, Harry, 1879-1947; Haldeman-Julius, E. (Emanuel), 1888-1951 [Editor]",en,https://www.gutenberg.org/cache/epub/78510/pg78510.txt,/home/husam/Desktop/YTU-YL/veri sıkıştırma/data-comp-project/data/processed/books/78510.txt,accepted,
